企业名称,企业地点,岗位名称,工作类型,岗位职责,薪资水准
宜昌人药业有限责任公司,湖北省宜昌开发区大连路19号,产品专员,全职,提出产品市场发展规划与市场推广计划；关注市场动态变化，适时跟踪产品销售情况及竞品动态并提出市场调整方案或策略； 根据市场发展，制定市场营销战略发展规划；根据公司产品线长期发展规划，制定产品战略，并提报部长审核 协助部长和产品经理制定年度推广计划，拟定产品发展规划。 关注市场和竞争对手动态，收集相关信息，及时调整市场策略。 了解产品区域市场实际，制定产品区域策略并组织实施。 主持或参与产品的市场推广、专业广告宣传及学术活动。 根据整体营销策略和产品定位，组织制作各种促销资料。 协助部长对各项促销活动及费用进行评估，并对促销活动形式提出创新性建议。 组织安排产品促销性临床试验。 发展并维护与产品专家或意见领袖的良好合作关系。 按时完成上级布置的临时任务。,6K-8K/月
宜昌人药业有限责任公司,湖北省宜昌开发区大连路19号,医学专员,全职,协助医学主管开展医学项目，识别、维护、培养KOL，负责医学最新研究进展的跟踪，部门SOP的管理；负责产品专业知识培训和指导。,6K-8K/月
宜昌人药业有限责任公司,湖北省宜昌开发区大连路19号,研发工程师,全职,1.负责制剂新产品项目的文献调研、方案设计、处方工艺开发和研制工作，完成相应申报资料撰写；2.负责所承担项目制剂部分试验的统筹安排与管理，对试验的设计、安排、进度及质量负责；3.协同生产部门为制剂工艺优化和生产放大提供技术指导，进行制剂工艺的技术转移；参与相关的验证和认证工作；4.负责所承担项目工艺技术攻关，设计具体的实验方案并组织实施，起草技术攻关的总结；5.负责项目团队的培训、建设与管理；6.参与相关技术、资源、人才和项目的评估、引进；7.负责新型制剂或给药系统动物药理毒理实验方案的制定和审核。,6K-8K/月
吉林省立雪教育科技有限公司,吉林省松原市长岭县北关路北长岭街东56幢1楼南数4-5门,中文教师―美国,全职,全职在美国当地小学和中学教中文,15K-19K/月
邦泰合盛生物科技（深圳）有限公司,深圳市光明新区公明街道塘尾社区冠信德工业园7栋,制剂技术员,全职,岗位职责：1、负责制剂、包材等研发和生产；2、负责协助制剂车间主管人员生产统筹；3、负责制剂车间设备的管理、点检。任职资格：1、制剂类专业；2、性别不限，有较强的 的沟通、协调能力，领悟力较强；3、大专或以上学历，愿接受公司对该岗位技能培训。4、无纹身、无不良嗜好，应往届均可。5、学习能力强，身体健康。,4K-6.5K/月
深圳市宝视佳科技有限公司,深圳市龙华新区东环一路旭日小区安锦恒工业园28栋4楼,外贸运营,全职,岗位职责：1、管理亚马逊/速卖通/wish/ebay账号，根据自己的业绩目标，制订对应的销售计划；2、每天及时上架产品，listing优化，策划活动，保持个人账户的良好的运营状况；3、做好数据分析工作，每周/月形成销售报表，并进行相关总结；,4.5K-8K/月
广州四季沐歌厨卫有限公司,广州市番禺区番禺大道北555号番禺节能科技园内天安科技创新大厦316,人力资源助理,全职,工作职责：1.协助开展招聘，包括职位发布、汇总应聘资料、安排面试等；2.协助完善培训制度、绩效考核制度，推进人力资源体系的发展；3.负责考勤数据的核算和汇总，保证准确性；4.负责人事档案纸质/电子资料的整理、存档、更新、维护工作；5.负责开展公司员工生日关怀活动，活跃文化氛围；6.跟进员工入离职手续的办理，保证流程顺利开展。,3K-5K/月
东莞市灵捷电子科技有限公司,东莞市谢岗镇振兴北路,电商运营,全职,1.电商客服，推广2.优化产品详情3.分析同行数据,4K-10K/月
北京粉笔未来科技有限公司,望京利星中心,高中语数外政史地物化生辅导老师,全职,岗位职责：1、参与直播课程，跟踪学员的学习效果及线上互动；2、课后作业批改、线上习题讲解，从学员错误中找到薄弱环节，进行追踪解答巩固；3、电话／微信等联系家长，保持有效沟通，及时反馈学生学习情况；4、追踪学员课程报名情况，学员班级群内维护答疑，解决学员家长问题。,5K-8K/月
北京粉笔未来科技有限公司,望京利星中心,初中语数外物化辅导老师,全职,岗位职责：1、参与直播课程，跟踪学员的学习效果及线上互动；2、课后作业批改、线上习题讲解，从学员错误中找到薄弱环节，进行追踪解答巩固；3、电话／微信等联系家长，保持有效沟通，及时反馈学生学习情况；4、追踪学员课程报名情况，学员班级群内维护答疑，解决学员家长问题。,5K-8K/月
北京粉笔未来科技有限公司,望京利星中心,小学英语老师,全职,岗位职责：1、参与直播课程，跟踪学员的学习效果及线上互动；2、课后作业批改、线上习题讲解，从学员错误中找到薄弱环节，进行追踪解答巩固；3、电话／微信等联系家长，保持有效沟通，及时反馈学生学习情况；4、追踪学员课程报名情况，学员班级群内维护答疑，解决学员家长问题。,5K-8K/月
北京粉笔未来科技有限公司,望京利星中心,小学语文辅导老师,全职,岗位职责：1、参与直播课程，跟踪学员的学习效果及线上互动；2、课后作业批改、线上习题讲解，从学员错误中找到薄弱环节，进行追踪解答巩固；3、电话／微信等联系家长，保持有效沟通，及时反馈学生学习情况；4、追踪学员课程报名情况，学员班级群内维护答疑，解决学员家长问题。,5K-8K/月
杭州路格科技有限公司,杭州经济技术开发区下沙6号大街452号高科技企业孵化园区3幢5层,销售工程师4,全职,一、负责根据年度区域销售目标，收集各类市场信息，开拓各类销售渠道，努力或超额完成个人业绩目标。          二、负责维护老客户，做好客户跟进工作。灵活处理客户关系，充分利用公司各种资源为客户提供更多价值，从而提高客户的粘度，争取更多订单和销售量。三、负责开拓新客户、不断拓展业务（包括项目性工作的开展）。  （1）通过各种渠道如网络、展会、招投标信息和个人资源，开拓新的客户；  （2）定期以不同方式进行跟踪，保持良好关系；  （3）对于公司投资的新产品新项目，积极针对不同客户类型进行推广和宣传。四、负责进行产品及市场的调研，提供开发和改进产品的信息和建议。  （1）收集市场信息，包括展会、日常与客户同行等交流，提供产品开发的信息和建议；  （2）通过各种数据及时了解区域情况及各竞争对手的销售情况，及时掌握市场发展动态，报上级领导决策。五、对定期整理的销售业务数据进行分析、跟进，深度挖掘潜在客户，提高个人和团队业绩。六、积极参加公司在当地区域市场举行的专业投标会和展销会，并做好后续客户开发和维护工作。七、积极配合公司各部门工作，参加公司组织的各项活动。八、上级安排的其他工作。,4K-6K/月
深圳星霸国际贸易有限公司,深圳市龙岗区坂田街道环城南路5号坂田国际中心D栋711室,助理文员,全职,岗位职位：1：负责亚马逊部门的文职工作，比如数据整理，文档整理。2：负责部门的单刷工作。3：做一些简单的社交媒体的推广4：其它部门主管交待的工作,4K-4.5K/月
嘉兴学通教育咨询有限公司,浙江省嘉兴市南湖区庆丰路875号信源大厦3楼,物理教师,全职,岗位描述:1.针对每位学生情况，对其进行个性化的课程讲授。2.在授课期间定时组织测验活动，以检验学生接受辅导的成效。3.与本学科组内教师进行教研交流、教学研究。4.与学生家长定期进行沟通交流。,7K-20K/月
嘉兴学通教育咨询有限公司,浙江省嘉兴市南湖区庆丰路875号信源大厦3楼,生物教师,全职,岗位描述:1.针对每位学生情况，对其进行个性化的课程讲授。2.在授课期间定时组织测验活动，以检验学生接受辅导的成效。3.与本学科组内教师进行教研交流、教学研究。4.与学生家长定期进行沟通交流。,7K-20K/月
嘉兴学通教育咨询有限公司,浙江省嘉兴市南湖区庆丰路875号信源大厦3楼,生物教师,全职,岗位描述:1.针对每位学生情况，对其进行个性化的课程讲授。2.在授课期间定时组织测验活动，以检验学生接受辅导的成效。3.与本学科组内教师进行教研交流、教学研究。4.与学生家长定期进行沟通交流。,7K-20K/月
嘉兴学通教育咨询有限公司,浙江省嘉兴市南湖区庆丰路875号信源大厦3楼,化学教师,全职,岗位描述:1.针对每位学生情况，对其进行个性化的课程讲授。2.在授课期间定时组织测验活动，以检验学生接受辅导的成效。3.与本学科组内教师进行教研交流、教学研究。4.与学生家长定期进行沟通交流。,7K-20K/月
广东名门锁业有限公司,中山市东升镇东成北路6号广东名门锁业有限公司,网络技术-管培生,全职,智能门锁产品研发方面如下工作：1、开发基于JAVA语言的智能锁管理程序应用2、运营维护公司的云平台空间，建立数据库并进行后台数据管理；3、全程参与软件项目的需求分析、设计、开发及测试；4、软件项目中各功能模块的研发与实现；,5K-6K/月
江门市沃得光电科技有限公司,江海区科苑西路46号,行政助理,全职,1、负责考勤汇总与管理；2、负责员工档案收集更新和管理；3、负责员工海外交通安排、签证手续等；4、员工活动组织和费用管理；5、绩效考核协助；6、固定资产跟进和管理。,5K-8K/月
广东名门锁业有限公司,中山市东升镇东成北路6号广东名门锁业有限公司,总经办-管培生,全职,1、总经理行政事务处理2、公司重点项目或重点工作进度跟踪3、公司级跨部门协调4、公司级会议组织,5K-6K/月
中国水利水电第十二工程局有限公司,浙江省杭州市环城北路141号永通信息广场,安全管理,全职,安全管理,5K-7K/月
广东名门锁业有限公司,中山市东升镇东成北路6号广东名门锁业有限公司,制造技培生,全职,作为智能制造中心的储备人才，未来培养使用方向：  生产班组长、生产技术员、品质技术员、工艺技术员、工业机器人操作或调试、生管员、采购员、仓管等,3.5K-5K/月
鸿利智汇集团股份有限公司,广州市花都区花东镇先科一路1号,仓库管理储干,全职,1、仓库物料的收、发、存等管理工作；2、仓库物料账务的处理，制作仓库相关报表；3、月度、季度、年度盘点工作的开展；4、物料损失、报废等异常情况及时报告；5、上级安排的其他工作事项。,3K-4.5K/月
佛山市禅城区海翔教育培训中心,佛山市禅城区季华五路东建世纪广场三楼海翔教育,学科老师（语文英语数学物理化学）,全职,岗位职责：1、据教务部的教学安排，负责本学科学生的授课和功课辅导；2、根据学生的实际情况，制定适宜的教学方案，教学中注重引导和交流；对学生进行教学引导和心理疏导工作；3、培养学生良好的学习习惯，进行学习方法指导和适度的课后跟踪服务；4、与学生、家长保持良好的沟通，及时接收学生、家长反馈意见，不断提高教学服务质量；5、积极参加教研活动，配合和完成上级布置的教研任务。6、协助教务人员做好相关教务管理工作；,4K-9K/月
深圳市星裳尔电子商务有限公司,深圳市龙岗区平湖街道华南大道一号华南国际纺织服装原辅料物流区二期4层4E-098号,医疗健康咨询,全职,必须是医疗专家，获取从业资格证，护士从业资格证或者医疗保健从业资格证录取,2K-3K/月
深圳市星裳尔电子商务有限公司,深圳市龙岗区平湖街道华南大道一号华南国际纺织服装原辅料物流区二期4层4E-098号,智能互联二类医疗医疗器械开发工程师创始团,全职,在校期间有过自己作品，或者实习的案例等负责开发二类医疗器械主机，外观，芯片设计硬软件开发对自己认知水平，选择自己最擅长的，有自己观点和想法，不需要埋头苦干，低头不看天人和事对自己认知行业，热爱，不浮躁良好心态,2K-3K/月
诗迈医药咨询（上海）有限公司,商城路738号胜康廖氏大厦,管培生猎头顾问助理招聘顾问（2019届校园招聘）,全职,接触中高端人选；了解医药行业动态，学习职业规划。1、在leader的指导下学习猎头做单全流程，完成月度、年度业务指标。2、 分析客户需求，制定寻访方案，搜寻评估候选人，整理推荐报告，并为候选人提供职业发展建议。3、协助客户做好面谈安排、薪酬谈判、背景调查等环节，推进项目顺利进行。4、 研究行业发展动向，收集行业内人才信息，积累人才资源库。并针对性地进行客户拓展。,4K-10K/月
北京华樾教育科技有限公司,北京市海淀区知春路7号致真大厦A座18层,发展专员,全职,1. 独立按照公司规章制度进行常规工作。如：报销、发书、征订等；2.协助区域完成主题学习教研活动开展；3.准确介绍语文主题题学习整体解决方案；4.了解服务实验区内的教育环境；5.够独立与零散客户联系与沟通，并维护关键客户，包括教研员、校长、老师。,7K-10K/月
浙江三维橡胶制品股份有限公司,浙江省台州市三门县西区（海游街道下坑村）,机电工程师,全职,1、负责电器设备日常维护工作；2、负责对设备、设施进行安全检查；3、负责编制电器设备年度、月度维护计划和执行工作；4、负责电器设备大修计划编制和执行工作,4K-7K/月
浙江三维橡胶制品股份有限公司,浙江省台州市三门县西区（海游街道下坑村）,质量管理员,全职,1、负责产品的日常检验，并对检验后的产品进行状态标识；2、行使检验职责，填写相应的检验记录表单；3、对检验中发生的问题进行处理过程跟踪；4、每月对检验数据进行汇总、统计。,4K-6K/月
浙江三维橡胶制品股份有限公司,浙江省台州市三门县西区（海游街道下坑村）,研发技术储备,全职,1、负责产品工艺、配方设计开发；2、负责产品工艺规程制订和修订工作；3、负责新产品开发设计，项目申报工作；4、负责产品工艺指导培训工作；5、负责产品调研、评审工作。,5K-15K/月
浙江三维橡胶制品股份有限公司,浙江省台州市三门县西区（海游街道下坑村）,研发技术储备,全职,1、负责产品工艺、配方设计开发；2、负责产品工艺规程制订和修订工作；3、负责新产品开发设计，项目申报工作；4、负责产品工艺指导培训工作；5、负责产品调研、评审工作。,5K-15K/月
亚信科技（中国）有限公司,北京海淀区中关村软件园二期西北旺东路10号亚信大厦,（广州）大数据开发/测试实习生,全职,（1）SQL/Hive脚本开发；（2）大数据平台维护,2K-3K/月
深圳市明光人力资源有限公司,深圳市明光人力资源有限公司,销售专员,全职,岗位职责：1）负责利用各种渠道(线上线下渠道)对公司业务项目的推广；2）负责客户开发与跟进并促成合作关系的建立；3）负责已合作客户关系的维护，保障业务结果的达成；,5K-12K/月
浙江三维橡胶制品股份有限公司,浙江省台州市三门县西区（海游街道下坑村）,销售助理,全职,1、负责公司销售合同等文件资料的管理、归类、整理、建档和保管；2、负责各类销售指标的月度、季度、年度统计报表和报告的制作、编写，并随时汇报销售动态；3、负责收集、整理、归纳市场行情，提出分析报告；4、协助销售经理做好电话来访工作，在销售人员缺席时及时转告客户信息，妥善处理；5、协助销售员、销售经理做好部门内务、各种内部会议的记录等工作。,3K-6K/月
浙江三维橡胶制品股份有限公司,浙江省台州市三门县西区（海游街道下坑村）,销售代表,全职,1、负责公司产品的销售及推广；2、根据市场营销计划，完成部门销售指标；3、开拓新市场，发展新客户，增加产品销售范围；4、负责辖区市场信息的收集及竞争对手的分析；5、负责销售区域内销售活动的策划和执行，完成销售任务；6、管理维护客户关系以及客户间的长期战略合作计划。,5K-20K/月
中国人寿保险股份有限公司长沙市分公司,长沙市天心区芙蓉中路三段430号,国寿优才,全职,国寿优才计划：2019是中国人寿建司七十周年大庆之年！长沙国寿实施‘国寿优才计划’面向全省限时限量招聘一批具有创业、创新意识的人员，配以专属的培训和财务系统，打造一批‘收入领先，品牌独具’的国寿企业家，携手实现公司与个人的双赢发展！相知多年，值得托付。招聘条件：20-45岁，大专以上学历，有强烈企图心、良好沟通能力，年收入12万或以上（条件优越可适当放宽）福利待遇：1.公司层面出具文件，保底年薪12万，年底达成中级主管保底年薪24万。2.佣金（上不封顶）.+新人津贴+医疗保障+疾病保障+养老金+双休日+管理津贴+专业培训+季度奖+年终奖+推荐新人奖,10K-20K/月
北京高因科技有限公司,银河soho,高因科技2019雨燕管培生,全职,招聘岗位管理培训生（北京、天津、上海、广州、苏州、杭州、成都、重庆、深圳、佛山、郑州、南京，19年计划开放20个新城市）岗位详情近几年来，中国的互联网领域慢慢进入资本寒冬，伴随而来的是大量创业公司在发展的过程中面临越来越艰难的局面，难以维持生计的创业公司更是不计其数，尤其是P2P、共享单车、共享充电宝、区块链炒币等领域。2018年以来，无数的公司减员、缩招，甚至连阿里巴巴、腾讯、华为、百度这种级别的巨头，也会时不时被媒体报道缩招、停招，但互联网领域内仍然有极少一部分创业公司在逆势增长，并且在自己所在的领域不断的创造着新的奇迹。居理新房就是这些奇迹中的一个：我们有一流的团队，百度、阿里、美团、龙湖、万科的人才，线上和线下深度结合；我们搭建了完全颠覆三观的房产咨询团队：咨询师队伍中统招一本学校出身的长期维持在75%以上；我们维持着传统行业无法想象的用户满意度：用户满意度评分达到满分的占比长期维持在99%以上；2015年初，我们还是一个10多人的创业小团队，截止2018年11月，人员规模超过了1400人，三年100多倍的人员增长。加入居理新房，你将获得：★ 努力付出就可轻松过万的月薪；★ 远超想象的成长速度、晋升机会；★ 为培养成熟的职业经理人打造的职业环境；★ 互联网和房地产，两个最高薪行业的最前沿知识；★ 简单的工作氛围，完善的培训机制，健全的福利体系！,8K-15K/月
深圳市华源龙盛包装制品有限公司东莞谢岗分公司,东莞市谢岗镇金川工业区金川二路,海外销售代表,全职,1. 通过互联网、展会等方式开发海外客户， 开发国际市场2. 懂得阿里巴巴等电子商务平台的操作3. 保持与客户的良好沟通，了解客户需求， 做好客户维护；4. 跟进订单生产情况，客户资料的整理和存档。,3.5K-4.5K/月
北京高因科技有限公司,银河soho,高因科技2019管培生,全职,培养流程：Step 1通过面试后，公司将发放offer。Step 2开始为期六个月的咨询师岗试用期（面对未毕业学生：实习期），接触最一线的用户，锻炼沟通能力与抗压能力。Step 3六个月结束后，根据期间表现及个人特长，根据岗位需要和个人意愿安排到最合适的工作岗位上。Step 4目标岗位主要为咨询、拓展、数据、人力、运营等非技术类岗位（与传统培养模式不同，居理新房的管培生不是安排新员工在不同岗位上轮岗2-3年后再定岗到某一岗位做基层员工，然后慢慢锻炼若干年，才有机会从基层员工晋升到管理岗，我们采取的是跟传统模式相反的培养流程，即先不安排轮岗，而是都在咨询师岗培养和历练，当然90%以上的机会是定岗在咨询师岗，并且大部分人在2年内从基层员工晋升为管理人员）。其中，一线城市的咨询师岗位无责任底薪7000元+2000元绩效+1000元住房补贴/月+高额绩效奖金（平均月薪过万），其他岗位薪酬也在7000及以上。Step 5只要通过实习考核，未毕业仍按正式员工待遇发放全薪。（本条面对未毕业学生）,9K-15K/月
中国人寿保险股份有限公司桂林市七星支公司,桂林市七星区栖霞路24号,招聘助理,全职,负责和协助公司招聘员工相关事宜,2K-3K/月
嘉兴学通教育咨询有限公司,浙江省嘉兴市南湖区庆丰路875号信源大厦3楼,HR专员,全职,岗位职责:1 完成公司年度招聘计划；2 按照人才甄选程序严格执行招聘选拔；组织人才筛选及面试；3 开展校园招聘、网络招聘工作；3 甄选合格简历并电话邀约、笔试及初试安排；4 维护人才库，做好关键岗位人才储备；5 总结评估招聘完成结果，统计招聘数据，评估招聘效果。6 上级交办的其他工作事项。,5K-8K/月
嘉兴学通教育咨询有限公司,浙江省嘉兴市南湖区庆丰路875号信源大厦3楼,管培生,全职,岗位描述:1.针对每位学生情况，对其进行个性化的课程讲授。2.在授课期间定时组织测验活动，以检验学生接受辅导的成效。3.与本学科组内教师进行教研交流、教学研究。4.与学生家长定期进行沟通交流。,3K-15K/月
北京高因科技有限公司,银河soho,集团管理培训生,全职,目标岗位主要为咨询、拓展、数据、人力、运营等非技术类岗位（与传统培养模式不同，居理新房的管培生不是安排新员工在不同岗位上轮岗2-3年后再定岗到某一岗位做基层员工，然后慢慢锻炼若干年，才有机会从基层员工晋升到管理岗，我们采取的是跟传统模式相反的培养流程，即先不安排轮岗，而是都在咨询师岗培养和历练，当然90%以上的机会是定岗在咨询师岗，并且大部分人在2年内从基层员工晋升为管理人员）。其中，一线城市的咨询师岗位无责任底薪7000元+2000元绩效+1000元住房补贴/月+高额绩效奖金（平均月薪过万），其他岗位薪酬也在7000及以上。,7K-15K/月
四川喜之郎食品有限公司,四川省遂宁市船山区机场东路喜之郎工业园,销售费用会计,全职,负责销售费用的账务处理（包括广告费、物流费）,3K-5K/月
江门市沃得光电科技有限公司,江海区科苑西路46号,外贸业务员,全职,工作职责1、通过展会、B2B平台进行客户开发、销售渠道建立；2、完成销售目标，巩固客户关系；3、完成售后服务，提高客户满意度。,3K-8K/月
广东三和管桩股份有限公司,广东省中山市东升镇同兴东路30号,机械设计硕士,全职,工作地点广东中山【要求】1.应届硕士，CET-6，重点大学有优先2.机电一体化、机械设计及其自动化、自动化、机械设计及制造等相关专业；3.熟练使用相关设计软件，具备良好的逻辑思维能力、沟通表达能力；4.有意向在机械领域长期发展，公司发展空间大。工作地点广东中山,6K-8K/月
广东三和管桩股份有限公司,广东省中山市东升镇同兴东路30号,机械设计硕士,全职,工作地点广东中山【要求】1.应届硕士，CET-6，重点大学有优先2.机电一体化、机械设计及其自动化、自动化、机械设计及制造等相关专业；3.熟练使用相关设计软件，具备良好的逻辑思维能力、沟通表达能力；4.有意向在机械领域长期发展，公司发展空间大。工作地点广东中山,6K-8K/月
广东三和管桩股份有限公司,广东省中山市东升镇同兴东路30号,土木工程硕士,全职,1.应届硕士，土木工程类专业，CET-6，重点大学有优先；2.熟练使用相关设计软件，具备良好的逻辑思维能力、沟通表达能力；3.有意向在研发领域长期发展，公司发展空间大。,6K-8K/月
深圳市星裳尔电子商务有限公司,深圳市龙岗区平湖街道华南大道一号华南国际纺织服装原辅料物流区二期4层4E-098号,创始团队客户管理师,全职,认真，专注，有自己想法和观点对自己认知水平和企业价值观认知保持一致,2K-3K/月
佛山市袁亮宏餐饮管理有限公司,广东省佛山市南海区里水大道46号宇能国际17楼,人事助理,全职,1、负责公司人员招聘、培训，员工关系处理。2、参与公司人资管理，人事相关工作3、完成领导交付的其它任务等,3.5K-5K/月
佛山市袁亮宏餐饮管理有限公司,广东省佛山市南海区里水大道46号宇能国际17楼,行政助理,全职,1、负责办公室日常办公制度维护、管理2、处理公司对外接待工作3、协助领导处理行政内外部事务等。,3.5K-5K/月
佛山市袁亮宏餐饮管理有限公司,广东省佛山市南海区里水大道46号宇能国际17楼,财务助理,全职,1、负责协助公司处理各项财务工作2、严格按公司规定进行会计记账、核算和分析3、处理领导安排的其他工作任务,4K-6K/月
佛山市袁亮宏餐饮管理有限公司,广东省佛山市南海区里水大道46号宇能国际17楼,招商专员,全职,1、负责拓展公司业务及加盟商的入驻审核2、根据公司发展安排，协助区域市场的开发及门店选择3、拓展新客户，管理和维护客户关系，挖掘客户潜力4、对阶段性招商工作指标负责，协助收集商户资料,4K-6K/月
佛山市袁亮宏餐饮管理有限公司,广东省佛山市南海区里水大道46号宇能国际17楼,营销专员,全职,1、根据公司安排，制定市场营销计划，并做好监督执行2、协助门店进行不定期的营销活动，提升门店营业额3、进行同行业的市场调研活动，参与公司产品改善，提出有效整改方案4、做好品牌、产品及营销活动等内容的运营及推广,4K-6K/月
西安华线石油科技有限公司,西安市电子二路中段西安石油学院国晟大厦四层3407室,算法工程师,全职,岗位职责：1.完成业务功能中大数据分算法设计和探索性开发2.对业务数据进行挖掘，建立业务数据信息价值体系，改进优化业务协助保证项目的开发代码质量和进度,4K-9K/月
西安华线石油科技有限公司,西安市电子二路中段西安石油学院国晟大厦四层3407室,油藏工程师/油气藏工程师,全职,职位描述：1.组织或承担油气藏动态分析、油气藏工程研究、油气藏数值模拟、开发方案及调整方案编制等工作；2.参与油气藏类相关软件设计与开发、市场推广、技术交流。,4K-8K/月
西安华线石油科技有限公司,西安市电子二路中段西安石油学院国晟大厦四层3407室,软件及网络销售人员,全职,岗位职责：1、对公司网站、培训会议网站、知识库网站、石油网、知识库等进行日常维护、更新；2、负责网站数据分析，运营提升；负责搜索竞价平台的管理；3、使用QQ群、论坛、微博、微信进行营销，帮助销售成交；4、使用国外的网络信息交流工具，LinkedIn，Twitter，Facebook，Line，Viber，skype，Snapchat、Instagram等。5、网站信息内容文字编辑及公司企业文化的文案编辑；6、负责公司培训会议网站、知识库网站、石油网、知识库等网站推广，特别能实现国外和全世界的推广；7、协助部门经理建设网络营销的商业流程体系；8、负责公司网站的规划落地执行，协助销售制作演示界面；9、接受网络客户咨询，同时记录咨询的有效信息。,3K-9K/月
西安华线石油科技有限公司,西安市电子二路中段西安石油学院国晟大厦四层3407室,会议与培训业务销售人员,全职,岗位职责：1.会议及培训业务的策划与布置2.会议报告人、参会代表、相关论文的征集（需要打电话或邮件联系国内外专家）3.客户信息的搜集、整理等4.会场及班里的管理与组织安排5.会前的各项润色宣传及会务准备工作6.班级及会场服务，会议礼品的确立等,3K-7K/月
西安华线石油科技有限公司,西安市电子二路中段西安石油学院国晟大厦四层3407室,JAVA工程师,全职,职位描述：1、完成软件系统代码的实现，编写代码注释和开发文档；2、根据设计文档或需求说明完成代码编写，调试，测试和维护；3、辅助进行系统的功能定义，程序设计；4、分析并解决软件开发过程中的问题；5、配合项目经理完成相关任务目标；6、有较强的独立工作能力和团队协作精神，有良好的沟通表达能力；7、工作认真负责，善于学习，热衷接受和掌握新技术；,4K-9K/月
西安华线石油科技有限公司,西安市电子二路中段西安石油学院国晟大厦四层3407室,Delphi软件开发人员,全职,岗位职责：1.石油行业中智能算法实现;2.实现软件研发过程中的数据算法业务建模;3.配合研发人员完成智能化算法以及分解过程;4.大数据分析算法的探索与实现。,4K-9K/月
西安华线石油科技有限公司,西安市电子二路中段西安石油学院国晟大厦四层3407室,油田技术销售人员及主管,全职,岗位职责：1、协调公司内外部资源，组织落实公司现有业务及新业务的市场拓展；2、根据公司的整体市场策略，收集、整理各类市场（包括用户、产品及竞争对手等）信息，并在深入分析的基础上制定营销策略，为公司管理层及相关部门员工提供信息和决策支持；3、负责商务活动，落实公司的各类宣传工作；   4、负责所辖工作文档的整理、备案和管理；,4K-9K/月
深圳市星裳尔电子商务有限公司,深圳市龙岗区平湖街道华南大道一号华南国际纺织服装原辅料物流区二期4层4E-098号,创始团队UI和VI设计工程师,全职,必须是全日制大学大专及以上学历认真，专注有自己想法和观点，对自己认知结合企业价值观认知保持一致,2K-3K/月
深圳市星裳尔电子商务有限公司,深圳市龙岗区平湖街道华南大道一号华南国际纺织服装原辅料物流区二期4层4E-098号,创始团队UI和VI设计工程师,全职,必须是全日制大学大专及以上学历认真，专注有自己想法和观点，对自己认知结合企业价值观认知保持一致,2K-3K/月
深圳市星裳尔电子商务有限公司,深圳市龙岗区平湖街道华南大道一号华南国际纺织服装原辅料物流区二期4层4E-098号,创始团队软件工程师,全职,必须是全日制大学大专及以上学历认真，专注，开发产品有自己想法和观点，对自己认知和企业价值观认知保持一致,2K-3K/月
深圳市星裳尔电子商务有限公司,深圳市龙岗区平湖街道华南大道一号华南国际纺织服装原辅料物流区二期4层4E-098号,创始团队财务,全职,必须是全日制大学大专及以上学历认真，专注，有自己想法和观点对自己认知水平和企业价值观认真保持一致,2K-3K/月
中国水利水电第十二工程局有限公司,浙江省杭州市环城北路141号永通信息广场,工程管理,全职,工程管理,4K-6K/月
九江银行股份有限公司,九江市长虹大道619号,营销经理,全职,1.信用卡发卡及分期类产品的推广工作，负责为客户提供专业优质的金融服务，完成每月信用卡推广发卡指标和分期业务指标；2.向客户推广信用卡各项优惠活动，提升客户满意度和活跃度；3.解决客户信用卡各类使用问题，进行客户关系维护；4.负责分期商户的开发和维护；5.负责申请材料的整理及归档等日常工作。,3.5K-5K/月
昆明中远海运工程物流有限公司,昆明市经开区经开路3号时代创富B座10楼,项目管理岗,全职,1、接受项目操作部门部统一工作安排和调配；2、负责组织和实施项目的管理和操作；3、负责项目成本控制；4、负责项目安全生产工作；5、公司安排的其他工作等。,4K-10K/月
上海孚厘金融信息服务有限公司,上海市徐汇区宜山路700号B2-303,营销储备生-武汉,全职,1、拓展客户资源，建立和维护目标客户群的业务关系；2、维护客户关系，不断深入挖掘客户价值，防止客户流失；3、严格执行业务流程和管理办法，控制操作风险，保证业务运作符合监管政策、法规；4、开展客户资信调查及资产保全工作。,6K-8K/月
上海孚厘金融信息服务有限公司,上海市徐汇区宜山路700号B2-303,营销储备生-长沙,全职,1、拓展客户资源，建立和维护目标客户群的业务关系；2、维护客户关系，不断深入挖掘客户价值，防止客户流失；3、严格执行业务流程和管理办法，控制操作风险，保证业务运作符合监管政策、法规；4、开展客户资信调查及资产保全工作。,6K-8K/月
上海孚厘金融信息服务有限公司,上海市徐汇区宜山路700号B2-303,营销储备生-江西,全职,1、拓展客户资源，建立和维护目标客户群的业务关系；2、维护客户关系，不断深入挖掘客户价值，防止客户流失；3、严格执行业务流程和管理办法，控制操作风险，保证业务运作符合监管政策、法规；4、开展客户资信调查及资产保全工作。,6K-8K/月
深圳市德胜医疗设备有限公司,深圳市宝安区石岩街道塘头社区塘头1号路领亚工业园综合楼三层301-1,人力资源助理,全职,1、收发联系、登记、费用记录报销、每月统计、快递物流跟踪和事件处理。2、新员工与离职办公设备使用登记、每月定期盘点。3、统一申请采购、收发登记，每月汇总统计与盘点。4、每月厂房租金、水电物业费付款申请、发票跟进。5、住宿与退住人员申请办理登记、管理钥匙、每月水电费记录、宿舍租金与水电物业费付款申请、发票跟进。6、名片、横幅、VI、部门职位牌、对外制作类事项办理。7、入职与离职手续办理，五险一金办理。8、考勤异常处理与汇总，招聘管理。,3K-5K/月
上海孚厘金融信息服务有限公司,上海市徐汇区宜山路700号B2-303,营销储备生-成都,全职,1、拓展客户资源，建立和维护目标客户群的业务关系；2、维护客户关系，不断深入挖掘客户价值，防止客户流失；3、严格执行业务流程和管理办法，控制操作风险，保证业务运作符合监管政策、法规；4、开展客户资信调查及资产保全工作。,6K-8K/月
鸿利智汇集团股份有限公司,广州市花都区花东镇先科一路1号,品质助理,全职,1、 检验：首末件检验及当站工序产品质量抽检，对数据能进行初步分析；2、 现场稽核：含是否按文件要求内容操作及机台保养确认；3、 异常处理：现场及产品异常时提报、跟进及改善反馈；4、 沟通：发现问题与责任单位及责任人进行沟通及督促改善；5、 提案：推进本岗位产品质量提升和相关范围内工作优化；6、 报表记录及统计；7、 临时交办的其它事项。,4K-6K/月
广东壹号食品股份有限公司,广州市天河区体育西路103号维多利广场A塔30楼,行政文员,全职,岗位职责：1、建立、维护人事档案，办理和更新劳动合同；2、负责公司的工商注册和变更；3、协助执行人力资源管理各项实务的操作流程和各类规章制度的实施，配合其他业务部门工作；4、协助执行招聘工作流程，协调、办理员工招聘、入职、离职、调任、升职等手续；,3.5K-6K/月
广东壹号食品股份有限公司,广州市天河区体育西路103号维多利广场A塔30楼,储备店长,全职,岗位职责前期职责：1、负责公司产品营销活动的宣传推广、活动执行、店面经营管理等工作；2、负责与消费者的交流沟通，宣传公司产品和企业形象，提高品牌的知名度； 工作城市：广州、东莞、深圳、北京、上海、浙江、重庆、厦门、武汉等全国32个一二线城市可供选择。,6K-10K/月
广东壹号食品股份有限公司,广州市天河区体育西路103号维多利广场A塔30楼,营销管培生,全职,1、负责公司门店的日常运营管理，包括人员管理，销售管理、运营管理，产品生产管理，库存管理，数据处理，资金管理等。2、负责公司产品营销活动的宣传推广、促销、活动执行等工作；3、负责与消费者的交流沟通，宣传公司产品和企业形象，提高品牌的知名度；后期发展：1、管理层方向：负责片区连锁店的营销管理，熟悉公司各连锁店经营情况，培养往片区经理方向发展。2、创业方向：能独立经营管理连锁店者，可往加盟承包方向发展，自主创业做老板。3、参加内部竞聘至其它岗位：可从公司不定期发布的内部招聘职位信息中选择自己期望转型的职位，参加内聘。工作地点：自主选择广州、深圳、东莞、北京、上海、江浙等全国32个一二线城市。  以上岗位为公司重点培养对象，公司免费提供专业培训，采用集中受训模式，培训期间由公司高管及专业岗位教练全程受教，并采用全军事化的培训方式，公司设有完善的人才成长机制，拥有一支专业的讲师团队，成立龙虎豹培训学院，不断的提升员工个人素质和专业技能，推动企业战略目标的同时，也能快速成长并明确自身的职业发展方向。符合以上要求及条件者请投放简历，无法接受者请勿乱投！,4K-7K/月
四川准达信息技术股份有限公司,中国（四川）自由贸易试验区成都高新区天府二街138号1栋11楼1101号,IMC储备工程师,全职,华为IMC储备工程师：华为实施嵌入式管理（工作地点：四川/云南/重庆/贵州/陕西/广西/甘肃/西藏/湖南）工作职责：从事华为运营商现场技术支持及故障处理服务等工作，涉及产品有数通产品，传输产品，云核心网产品，无线产品（每一位求职者专业从事众多产品中的一个）1、数通产品线岗位职责：负责华为交换、路由、防火墙、IPRAN、OLT等相关产品督导、调测、升级、割接、网络优化等；2、传输产品线岗位职责：负责光传输网产品（SDH/WDM/PTN/OTN等）现场工程实施、调试及开通；3、核心网产品线岗位职责：负责华为业CS域、PS域、视讯等产品集成项目的咨询、实施等工作；4、无线产品线岗位职责：负责LTE无线网络、物联网/5G建设开通，维护等工作；5、项目管理岗位职责：负责协助/参与项目交付、质量、进度、合同回款及团队管理等工作。,3K-10K/月
四川准达信息技术股份有限公司,中国（四川）自由贸易试验区成都高新区天府二街138号1栋11楼1101号,IMC储备工程师,全职,华为IMC储备工程师：华为实施嵌入式管理（工作地点：四川/云南/重庆/贵州/陕西/广西/甘肃/西藏/湖南）工作职责：从事华为运营商现场技术支持及故障处理服务等工作，涉及产品有数通产品，传输产品，云核心网产品，无线产品（每一位求职者专业从事众多产品中的一个）1、数通产品线岗位职责：负责华为交换、路由、防火墙、IPRAN、OLT等相关产品督导、调测、升级、割接、网络优化等；2、传输产品线岗位职责：负责光传输网产品（SDH/WDM/PTN/OTN等）现场工程实施、调试及开通；3、核心网产品线岗位职责：负责华为业CS域、PS域、视讯等产品集成项目的咨询、实施等工作；4、无线产品线岗位职责：负责LTE无线网络、物联网/5G建设开通，维护等工作；5、项目管理岗位职责：负责协助/参与项目交付、质量、进度、合同回款及团队管理等工作。,3K-10K/月
深圳市华远国际物流有限公司,深圳市罗湖区东门南路2007号广发大厦（丽都酒店）1139室,海外销售代表2,全职,岗位职责一，开拓发展海外代理，维护海外代理关系二，收集，筛选，整理境外海运市场信息三，完成公司临时工作任务,4K-10K/月
四川准达信息技术股份有限公司,中国（四川）自由贸易试验区成都高新区天府二街138号1栋11楼1101号,基站督导工程师,全职,基站工程师1.负责基站现场二次环境检查及开箱验货； 2.负责基站现场施工工艺指导；3.负责基站现场开通；4.负责基站侧ISDP/WDT打卡及拍照。硬件工程师1.负责工程现场二次环境检查及开箱验货； 2. 负责无线，固网，云核心网，光网络的硬件安装；3.负责工程现场设备安装后的ISDP打卡及拍照。QC1. 负责各产品的硬件安装质量检查；2. ISDP打卡监督及审核； EHS安全把控；3. 定期组织各产品线的硬件质量培训。,2.5K-9.5K/月
浙江海正化工股份有限公司,浙江省台州市椒江区外沙路97号,国际贸易,全职,1.负责所在国际市场区域的市场调研、市场拓展和销售。2.建立、维护和管理国外客户。3.根据客户要求，协调公各部门工作。4.制定并执行销售及促销计划并对效果进行评估。5.代表公司参加国内外展览会。6.组织对国外客户进行产品培训、售后服务实施。5.协助市场部做好英文网站与相应推广工作。,4K-6K/月
浙江海正化工股份有限公司,浙江省台州市椒江区外沙路97号,人力资源专员,全职,1、协助上级建立健全公司招聘、培训、工资、保险、福利、绩效考核等人力资源制度建设；2、建立、维护人事档案，办理和更新劳动合同；3、执行人力资源管理各项实务的操作流程和各类规章制度的实施，配合其他业务部门工作；4、收集相关的劳动用工等人事政策及法规；5、熟悉招聘工作流程，对校园招聘、校企合作、社会招聘有一定的工作经验；6、协同开展新员工入职培训，业务培训，执行培训计划，联系组织外部培训以及培训效果的跟踪、反馈；7、负责员工工资结算和年度工资总额申报，办理相应的社会保险等；8、帮助建立员工关系，协调员工与管理层的关系，组织员工的活动。任职资格：1、人力资源或相关专业大专以上学历；2、两年以上人力资源工作经验；3、熟悉人力资源管理各项实务的操作流程，熟悉国家各项劳动人事法规政策，并能实际操作运用4、具有良好的职业道德，踏实稳重，工作细心，责任心强，有较强的沟通、协调能力，有团队协作精神；5、熟练使用相关办公软件，具备基本的网络知识。联系方式：地   址：海正化工人力资源部309室联系电话：0576-88827708联系人：施女士或朱女士,4K-6K/月
中国能源建设集团黑龙江能源建设有限公司,哈尔滨市道里区抚顺街288号,行政文员,全职,中文专业,2.5K-5K/月
温州德邦物流有限公司,温州经济技术开发区滨海十二路455号,物流专员,全职,一、岗位定位：公司重点培养的储备干部，全面学习了解公司业务经营模式，作为公司管理岗的有力后备军。二、岗位职责：1.负责指导客户填写托运单及相关信息，并录入系统，协助经理维护客户；2.负责对货物运输过程中的跟踪与监控，及时处理货物异常及相关理赔；3.定期汇总各项物流管理报表，并根据管理报表改进物流运作；4.负责上门客户提货，办单，进行派送单据的打单、收单、返签收等业务，提高客户满意度；5.协助部门经理管理部门快递员，积累管理经验；6.大客户的维护与跟进，跟随部门经理共同开发大客户。,3K-5K/月
佛山市袁亮宏餐饮管理有限公司,广东省佛山市南海区里水大道46号宇能国际17楼,督导专员,全职,1、管辖区域门店，负责监督店面形象和日常营业维护2、通过区域维护，扶持整改市场工作，提升区域店面的营业额3、进行市场调研，分析数据，反馈门店改善点4、对接门店负责人，及时有效地下达公司各项指令工作,4K-6K/月
佛山市袁亮宏餐饮管理有限公司,广东省佛山市南海区里水大道46号宇能国际17楼,管理培训生,全职,1、参与公司一线各岗位轮岗熟悉公司业务和学习必备技能。2、按照各岗位职责完成工作任务，并阶段性进行工作学习总结；3、轮岗期间，需协助公司完成跨部门的相关项目，完成能力规划的训练和培养4、轮岗后，根据自身意愿和公司需求进行部门定岗，深入发展和提升业务能力,4K-6K/月
深圳市光祥科技股份有限公司,深圳市龙岗区坪坪街道富坪北路10号,财务储干,全职,培养方向为财务部会计岗位,3K-5K/月
中国能源建设集团黑龙江能源建设有限公司,哈尔滨市道里区抚顺街288号,法律专业,全职,法律事务相关资料整理等,2.5K-7K/月
广东壹号食品股份有限公司,广东省广州市天河区体育西路维多利广场A座30楼,储备店长,全职,这个岗位上，你不仅仅要做公司产品的宣传推广，更多的是：1、锻炼自己的沟通能力，让自己越来越开朗，越来越有魅力；2、学习各种管理知识，人员管理，运营管理，数据处理，资金管理等；3、深入了解食品安全，提高生活水平，让身边的人都能过上绿色健康生活。你离成功并不遥远，壹号助你一臂之力：（两个方向培养）1、管理层方向：前期进行基层轮岗，后期学习门店连锁经营管理；管培生/储备干部→区域队长→执行助理→办事处负责人→区域经理；2、创业方向：能独立经营管理连锁店者，可自主创业做老板，往承包方向发展。,4K-6K/月
瑞德电子（深圳）有限公司,深圳市宝安区三十三区大宝路139号,人力资源助理/专员,全职,岗位职责：1.协助考勤薪酬制度提出建设性意见2.负责关注人力成本（特别是OT，重点关注申请、间接人员OT、双休OT的安排等）3. 负责员工、派遣员工的考勤处理及薪资结算4.参与修订相关薪酬制度与考勤表格5.负责每月新入职雇员银行卡申办及发放6.负责员工工资后续跟进工作（工资条打印发放、工资表签名回收）7.负责拉长年终奖金制作8.负责其他HR相关事务；,4K-6K/月
浙江医尔仁医疗科技有限公司,嘉善县大云镇嘉善大道2188号7号楼7210室,结构工程师,全职,1、新产品研发：负责所属产品项目开发的方案定型，实施，跟进，改善的全面管理与跟进工作；2、在制产品升级：负责所属产品项目技术升级的方案定型，实施，跟进，改善的全面管理与跟进工作；3、专利申请提案；4、配合品质部门解决产品质量问题。,4K-6K/月
广州广电城市服务集团股份有限公司,广州市天河区高唐路230号,行政助理,全职,负责日常接待、会务接待、办公室管理、文体活动等,2.7K-4.5K/月
广州城外建筑设计有限公司,广州市番禺北环路11号星坊60创意文化产业园A09,媒介专员,全职,1、协助整理项目推广与资料发布，处理各类媒体事宜；2、负责事务所的活动策划以及微信公众号、网页、新媒体的运营；3、配合团队完成对外沟通工作，包括方案汇报、奖项申请、事务所宣传、媒体专题及简报；4、配合设计团队整理方案汇报册及组织媒体相关的内容工作，包括撰写设计文案、新闻稿及项目介绍、文章及其他视觉材料并推广事务所的重要事件、讲座、活动及项目进程等；,4.5K-6K/月
广州城外建筑设计有限公司,广州市番禺北环路11号星坊60创意文化产业园A09,媒介专员,全职,1、协助整理项目推广与资料发布，处理各类媒体事宜；2、负责事务所的活动策划以及微信公众号、网页、新媒体的运营；3、配合团队完成对外沟通工作，包括方案汇报、奖项申请、事务所宣传、媒体专题及简报；4、配合设计团队整理方案汇报册及组织媒体相关的内容工作，包括撰写设计文案、新闻稿及项目介绍、文章及其他视觉材料并推广事务所的重要事件、讲座、活动及项目进程等；,4.5K-6K/月
深圳市深辉酒店用品有限公司,深圳市罗湖区清水河一路52号博兴大厦9A,网站管理及设计,全职,1、负责网络运营，网站优化（SEO）及推广；2、负责产品包装设计（平面设计），产品拍摄；3、网络维护等。,5K-10K/月
北京老城京味斋餐饮有限公司,马连道南街11号一商大厦0722,市场专员,全职,岗位职责：1、协助部门总监完成公司规定的各项工作任务，抓好主管的专项业务并向总监汇报结果；2、 负责公司活动策划工作，完成公司布置的日常工作，并向总监汇报工作结果;负责公司大型活动的组织策划及实施细案，制定活动的实施细则;按时完成公司指定个案的策划和个案实施总结;3、负责公司企业文化的宣传方案和公司大事记文案的整理编写工作；对新店开业和重大节日活动的策划文案实行标准范例化；4、负责策划公司企业形象、企业文化、大型活动的媒体宣传方式和组织方案；制定公司总体形象宣传计划及媒体个案策划，制定媒体开发利用规划细则;5、 建立于各机构、平台的良好合作关系，为公司企业形象的提高组织系列软新闻的专题策划；,4K-6K/月
北京老城京味斋餐饮有限公司,马连道南街11号一商大厦0722,财务实习生,全职,岗位职责:1、负责日常收支的管理和核对；2、负责开具各项票据；3、负责收集和审核原始凭证，保证报销手续及原始单据的合法性、准确性；4、负责登记现金、银行存款日记账并准确录入系统，按时编制银行存款余额调节表；5、负责保存、归档财务相关资料；6、领导安排的其他工作。,4K-6K/月
浙江豪中豪健康产品有限公司,温州市平阳县万全镇兴隆路18号,外贸业务员,全职,销售类,3K-15K/月
昆山和君纵达数据科技有限公司,江苏省苏州市昆山市花桥镇远创路609号财智科技园2号楼,自然堂电商专员代表,全职,根据业务操作规范、通过电话方式及打字方式解决客户问题；,4K-7K/月
北京高因科技有限公司,银河soho,雨燕管培生,全职,招聘岗位管理培训生（天津、上海、北京、广州、深圳、杭州、苏州、重庆、成都、郑州、南京）岗位要求1、专注提升自己的业务能力，根据从公司分配的客户的实际需求为他们提供专业化的咨询、陪同客户看房，提供专业购房建议，服务用户购房全流程；【你有现成的客户资源】； 2、维护“居理咨询师”的品牌形象，传递公司良好形象和价值【这一点我们非常重视】，提高用户满意度； 3、进行市场分析及楼盘调研，发表专业的楼盘测评、维护楼盘数据；【大数据思维是居理新房现在、将来领先同行的关键所在】培养模式1、薪酬体系：基本工资6500-9000（根据城市而定底薪）+提成【月平均2K-9K，不封顶】+房补600-1000。试用期按照80%发放。）其中从18年4月开始实施的绩效与业绩无关，只要你有过硬的执行力，就可以全额拿到。 2、培训计划： 1O2O专业培训：入职初期，统一安排约两周的集中带薪培训，从地产行业的专业知识到营销咨询的业务技巧全方位覆盖。 2引导人制度：资深的咨询师作为入职引导人一对一辅导，直到新员工可以独立且成功的为用户提供完整的咨询服务。 3入组培训机制：对于新员工安排入组孵化，即由主管全面培育和孵化，帮助新人达到转正标准实现咨询师转正。 我们的培训经理是来自于全球四大会计师事务所之一PWC的高级培训经理，公司会持续关注员工潜能的开发，有从入职培训――转正培养――主管中层培训――经理高层培训的一系统完整的职业培训体系，并且保持持续更新，帮助员工在各个阶段不断突破自我。 3、晋升空间：个性化晋升通道，专业、管理双通道。 1专业通道：咨询师等级C1到C7。随着级别的提升，你的薪资和客户的质量都会有所调整 2管理通道：咨询师→咨询主管→咨询经理→城市经理→大区经理 。 从新人到管理者平均晋升周期为9-12个月；每个周期均会组织一次管理者公开竞聘。有刚转正就做到主管的超强实力新人，有95年的城市经理，你希望自己成为哪一类？ 4、多类补贴：每人每月可获得全勤奖+电脑补贴+话费报销+打车报销等。 5、福利保障：试用期开始交五险一金+内部员工购房福利+年度体检+年度带薪出游,7K-10K/月
广东园梦生态环境工程规划设计有限公司,惠州市麦地路35号,设计师,全职,1、设计类相关专业,3.5K-6K/月
广东园梦生态环境工程规划设计有限公司,惠州市麦地路35号,预结算专员,全职,1、负责工程预结算相关工作2、负责招投标文件、施工合同编制，参与图纸会审等3、配合甲方进行全过程造价管理4、完成上级交办的其它工作5、应届生亦可，有专人带,3.5K-6K/月
广东园梦生态环境工程规划设计有限公司,惠州市麦地路35号,造价员,全职,1、负责工程预结算相关工作2、负责招投标文件、施工合同编制，参与图纸会审等3、配合甲方进行全过程造价管理4、完成上级交办的其它工作5、应届生亦可，有专人带,3.5K-6K/月
深圳市光祥科技股份有限公司,深圳市龙岗区坪坪街道富坪北路10号,储干（管培生）,全职,培养方向为董事长助理、总经理助理或公司其它管理岗位。,4K-8K/月
广东园梦生态环境工程规划设计有限公司,惠州市麦地路35号,工程师,全职,开展施工现场技术管理工作，解决施工中的一般技术问题,3.5K-6K/月
广东园梦生态环境工程规划设计有限公司,惠州市麦地路35号,预算工程师,全职,1、负责工程预结算相关工作2、负责招投标文件、施工合同编制，参与图纸会审等3、配合甲方进行全过程造价管理4、完成上级交办的其它工作5、应届生亦可，有专人带,4K-6K/月
北京金都通用航空有限公司,河北省石家庄市裕华区西美五洲大厦,管理培训生,全职,1、负责在市场部的指导下，配合执行公司网络推广计划；2、负责根据公司年度计划，通过电话、网络等形式与意向客户进行沟通，确认是否合作事宜；3、协调意向客户与市场部工作的对接事宜；4、完成领导交办的其它事项。,4K-5K/月
岭博科技（北京）有限公司,北京市西城区新街口外大街28号102号楼321号,售后客服,全职,1、接听服务酒店工作人员和客人的电话，解决客人上网过程中遇到的问题；2、在客服管理系统中录入相关服务记录，不断补充和完善知识库中的内容；3、根据知识库内容协助客户解决上网问题，对不能解决问题及时转接给远程技术支持人员；4、服务中使用标准的语言规范，以中/英语为客户提供服务；5、对服务过程中遇到的新问题，积极和远程技术支持人员进行沟通，快速解决客人问题；6、协助相关部门进行客户满意度调查，定期提供800服务报告；7、完成部门领导交代的其他工作。,3K-5K/月
四川准达信息技术股份有限公司,中国（四川）自由贸易试验区成都高新区天府二街138号1栋11楼1101号,5G储备工程师-云南,全职,招聘岗位：5G储备通信工程师工作方向：1、数通产品线岗位职责：负责华为交换、路由、防火墙、IPRAN、OLT等相关产品督导、调测、升级、割接、网络优化等2、传输产品线岗位职责：负责光传输网产品（SDH/WDM/PTN/OTN等）现场工程实施、调试及开通3、核心网产品线岗位职责：负责华为业CS域、PS域、视讯等产品集成项目的咨询、实施等工作4、无线产品线岗位职责：负责LTE无线网络、物联网/5G建设开通、调试、维护等工作5、项目管理岗位职责：负责协助/参与项目交付、质量、进度、合同回款及团队管理等工作。,2.6K-7K/月
四川准达信息技术股份有限公司,中国（四川）自由贸易试验区成都高新区天府二街138号1栋11楼1101号,5G储备工程师-云南,全职,招聘岗位：5G储备通信工程师工作方向：1、数通产品线岗位职责：负责华为交换、路由、防火墙、IPRAN、OLT等相关产品督导、调测、升级、割接、网络优化等2、传输产品线岗位职责：负责光传输网产品（SDH/WDM/PTN/OTN等）现场工程实施、调试及开通3、核心网产品线岗位职责：负责华为业CS域、PS域、视讯等产品集成项目的咨询、实施等工作4、无线产品线岗位职责：负责LTE无线网络、物联网/5G建设开通、调试、维护等工作5、项目管理岗位职责：负责协助/参与项目交付、质量、进度、合同回款及团队管理等工作。,2.6K-7K/月
上海孚厘金融信息服务有限公司,上海市徐汇区宜山路700号B2-303,风险经理,全职,岗位职责：1、建立和维护目标客户群的业务关系，不断深入挖掘客户价值2、进行客户现场尽调，整理客户资料，并录入系统，做好支持工作3、对小微企业进行授信风控，做好资产保全工作4、严格执行业务流程和管理办法，控制操作风险，保证业务运作符合监管政策、法规5、依照公司信审制度，严格执行审批流程，对授信业务进行风险分析和审查，提出信贷审查意见及风险防范控制措施,6K-10K/月
深圳市伊力科电源有限公司,西乡街道宝田三路宝田工业区56栋A一楼西1,商务助理,全职,岗位职责1、负责订单合同审核、转达客户信息给相关部门，跟进订单生产进度及至最后出货结果，将相关信息反馈给客户；2、负责货物合理的调配，确保交货的及时，满足市场需求及货款的回收与催收；3、负责销售计划的下达及其贸易商品的订购计划。,4K-6K/月
深圳市伊力科电源有限公司,西乡街道宝田三路宝田工业区56栋A一楼西1,外贸专员,全职,岗位职责1、 通过阿里巴巴，Google网络，LinkdIn等渠 道开发国外市场，寻找新客户；2、制作外贸单据，跟进订单生产过程，联系货代，确保顺利/按时/准确发货；3、负责组织公司技术人员与客户对接，洽谈商务、签订合同、货款回收工作。,4K-6K/月
深圳市伊力科电源有限公司,西乡街道宝田三路宝田工业区56栋A一楼西1,市场营销专员,全职,岗位职责1、负责网站的优化和推广；2、协助对公司产品的市场调研活动；3、负责公司的广告定期制作及宣传工作；4、收集市场同行业信息，参与策划公司产品的发布、展会等活动,4K-6K/月
深圳市建筑工程股份有限公司,深圳市福田区上梅林中康路北梅坳三路,预结算（造价）员,全职,1、见习期以学习为主，学习并熟悉掌握法律法规及有关工程造价的管理规定和工程预算定额及有关政策规定。2、进入工作状态后，深入工程现场，参与施工图纸会审和技术交底，参与工程竣工决算与复核，对出现的问题及时做好调整方案。3、参与采购工程材料和设备，协助领导做好工程项目的立项申报，协助编制基本建设计划和调整计划，了解基建计划的执行情况。4、组织招投标，开工前的报批及竣工后的验收工作。,3K-5K/月
深圳市建筑工程股份有限公司,深圳市福田区上梅林中康路北梅坳三路,资料员,全职,1、见习期内以学习为主。2、做好工程项目内所有图纸资料的接收、清点、登记、发放、归档、管理工作。3、收集整理施工过程中所有技术变更、洽商记录、会议纪要等资料并归档：负责对每日收到的管理 文件、技术文件进行分类、登录、归档。4、负责项目文件资料的登记、分办、催办、签收、签章、传递、立卷、归档和销毁等工作。负责做 好各类资料积累、整理、处理、保管和归档立卷等工作，注意保密的原则。5、来往文件资料收发应及时登记台帐，视文件资料的内容和性质准确及时递交项目经理批阅，并及 时送有关部门办理。,3K-5K/月
深圳市建筑工程股份有限公司,深圳市福田区上梅林中康路北梅坳三路,安全员,全职,1、见习期内以学习为主。2、进入工作状态后，贯彻执行安全生产的有关法规、标准、和规定，做好安全生产的宣传教育工作。巡视检查施工现场的安全状况，并负责对新进场人员进行安全教育及监督协助安全技术交底落实情况。3、参加安全检查，消除安全隐患，参加安全检查，做到责任、组织、制度、防范措施四落实。4、参与对项目工程施工组织设计（施工方案）中的安全技术措施的审核，并对其贯彻执行情况进行监督、检查、指导、服务。,3K-5K/月
深圳市建筑工程股份有限公司,深圳市福田区上梅林中康路北梅坳三路,施工员,全职,1、见习期内以学习为主。2、进入工作状态后，在项目经理领导下，深入施工现场，协助搞好施工监理，与施工队一起复核工程量，提供施工现场所需材料规格、型号和到场日期，做好现场材料的验收签证和管理，及时对隐蔽工程进行验收和工程量签证，协助项目经理做好工程的资料收集、保管和归档。3、具体解决施工组织设计和现场的关系，组织设计中的东西要靠施工员在现场监督，测量，编写施工日志，上报施工进度，质量，处理现场问题。,3K-5K/月
上海德筑企业管理有限公司,江苏省苏州市工业园区苏州中心A座1505室,机械设计工程师,全职,1. mechanical designing for industry machinery2. remodeling and creating new machinery3. building up the BOM list(machine parts list)4. project manager support5. communication,20K-40K/月
杭州路格科技有限公司,杭州经济技术开发区下沙6号大街452号高科技企业孵化园区3幢5层,网络电销专员,全职,岗位职责：1.采用电话、网络、面对面服务等各种方式进行业务开拓；2.负责建设各类二级网站，构建淘宝、京东等购物网站进行单体仪器的销售，接待来访客户。3.定期与合作客户沟通，建立良好的长期合作关系；4.根据市场营销计划，完成个人销售指标；5.协调公司内部/外部资源，提高客户满意度。6.优化流程，推动服务创新。7.可接受应届生，公司有完善的培训体系，愿意学习的来挑战吧!,4K-10K/月
深圳市伊力科电源有限公司,西乡街道宝田三路宝田工业区56栋A一楼西1,销售工程师,全职,岗位职责1、考察、分析所在区域的客户或渠道信息，收集并分析行业竞争客户信息，开展销售工作；2、了解辖区内相关的招标采购动态，协助代理商参与招标、投标；3、管理、维护本区域的客户关系以及客户间的长期战略合作计划。,4K-7K/月
深圳市伊力科电源有限公司,西乡街道宝田三路宝田工业区56栋A一楼西1,系统测试工程师,全职,岗位职责1、负责电源产品单元电路板和整机的功能性能、安规、电磁兼容以及极限白盒测试；2、负责公司认证产品样机的型式试验以及年度监督审查准备工作；3、负责公司测试技术平台的建设,4K-6K/月
深圳市伊力科电源有限公司,西乡街道宝田三路宝田工业区56栋A一楼西1,结构工程师,全职,岗位职责1、负责电源产品的机械结构设计、工艺设计；2、负责整机产品的组装工艺作业指导书的编制；3、跟进解决结构件试制过程中的工艺和设计问题。,4K-6K/月
深圳市伊力科电源有限公司,西乡街道宝田三路宝田工业区56栋A一楼西1,嵌入式软件工程师,全职,岗位职责1、负责电源产品的监控软件设计、开发和调试；2、负责公司监控平台技术的预研开发、技术文档的设计编制、归档工作；3、积极配合知识产权工程师，提交相关的主要素，特别是配合专利的申请、设计、编写和申报工作。,4K-7K/月
深圳市思达优悦企业管理顾问有限公司,深圳市龙岗区坂田街道雪岗路2018号天安云谷产业园一期3栋D座702B、703单元,大堂经理,全职,1、迎送、引导、分流客户，耐心解答客户咨询，指导客户填写各类凭证及业务办理；2、指导客户了解和使用各种自助机、电话银行和网上银行，并积极鼓励客户使用离柜服务渠道分流疏导客户，同时做好网点自助设备的使用管理及故障报修；3、按照服务规范要求，提升客户体验，积极向大厅内的客户进行简单产品推介，解答业务流程等；4、按照服务规范要求，负责受理和协调客户投诉及突发事件。,2.8K-4K/月
深圳市思达优悦企业管理顾问有限公司,深圳市龙岗区坂田街道雪岗路2018号天安云谷产业园一期3栋D座702B、703单元,大堂经理,全职,1、迎送、引导、分流客户，耐心解答客户咨询，指导客户填写各类凭证及业务办理；2、指导客户了解和使用各种自助机、电话银行和网上银行，并积极鼓励客户使用离柜服务渠道分流疏导客户，同时做好网点自助设备的使用管理及故障报修；3、按照服务规范要求，提升客户体验，积极向大厅内的客户进行简单产品推介，解答业务流程等；4、按照服务规范要求，负责受理和协调客户投诉及突发事件。,2.8K-4K/月
深圳特力吉盟投资有限公司,深圳市罗湖区贝丽北路89号水贝金座大厦705,前台客服,全职,岗位职责：1、负责前台客服的客户接待、咨询2、负责协助办理写字楼租户、商场租户各类手续3、负责客户资料、档案的整理、收集、录入4、负责客户通知的收发,4K-6K/月
广西葡萄物联网科技有限公司,广西南宁良庆区金象四区红霞路168号,硬件工程师,全职,1、参与公司的软硬件研发、生产、安装、调试、测试工作；2、协助产品经理进行产品的设计、研发及生产；3、负责相关技术文档及报告的编制、整理；4、 负责协助项目组解决实施过程中的技术问题，与项目各方进行技术沟通对接；5、其他与技术协调相关的内容。,3K-4K/月
深圳市伊力科电源有限公司,西乡街道宝田三路宝田工业区56栋A一楼西1,电力电子硬件工程师,全职,岗位职责：1、负责电源产品的硬件设计、开发和调试；2、负责新产品的核心技术开发，技术文档的设计编制、归档工作；3、负责公司电力电子产品及系统的设计、开发、调试和测试工作；,4K-7K/月
南宁市维伯外语培训学校,南宁市青秀区云景路10号永凯春晖B区商业广场三层维伯教育,英语教师,全职,1、负责英语课程的授课任务；2、协助课程顾问安排水平测试及咨询；      3、辅导学员学习，为学员解答学习中遇到的问题               4、负责定期出具分管课程班级学员的学习进度报告和结业报告。,3K-8K/月
上海九州通医药有限公司,上海市普陀区上海九州通医药有限公司上海市普陀区常和路666号,物流操作岗,全职,上海九州通医药有限公司隶属于九州通医药集团股份有限公司，成立于2002年11月，注册资金2.5亿元，在编人数近800人。商业中心位于普陀区常和路666号，物流中心位于青浦区崧泽大道7777号，拥有仓库总面积约6万O，可存放药品约50万件，支撑100亿元的销售规模。市场覆盖上海市全境，2018年销售预计可达31亿元。公司提倡“家文化”，同吃同住同劳动，包吃包住包婚配，诚挚欢迎全国各地的优秀学子加入九州通这个大家庭，实习期间可以提供的岗位为物流一线的操作岗，例如：药品收货、药品分拣、药品包装、跟车送货等，表现优秀的学生可直接晋升为“雏鹰储备人才”，后期安排系统的培训和辅导，可往医药销售或者各职能岗位发展，接受最低实习时间为3个月。,3K-4K/月
广州爆破工程有限责任公司,越秀区明月一路20号,爆破工程师,全职,1.爆破工程技术人员，主要负责施工现场技术管理、监理工作，无工作经验要求，提供专业培训。2.采矿工程、工程爆破、隧道与桥梁工程、建筑工程、土木工程、工程管理等相关理工科专业；3.吃苦耐劳、能服从公司安排4.工作地点：广东省5.薪资面议，福利待遇齐全6.简历请发至公司邮箱：gzblastltd@sina.com7.联系人：杜小姐/余小姐,3K-10K/月
北京粉笔未来科技有限公司,望京利星中心,小学在线辅导老师,全职,岗位职责：1.产品运营:课上，负责直播课中辅助主讲老师教学，进行习题讲解直播课程;课下，负责答疑学生课上不懂的问题。2.社群运营:运营所带学生的专属学习群。3.数据运营:追踪学生的学习效果，负责自己所带班级学员的到课率和续报率。,5K-8K/月
深圳市九叶灵枝电子商务有限公司,深圳市龙岗区华南城2号交易广场5A018,商务英语,全职,岗位职责：1、负责eBay的产品上传、调价，规范、维护产品信息；2、协助销售编辑产品标题和描述，整理报表等；3、了解eBay相关政策、避免违规情况的发生；4、积极完成上级规定的任务，有团队协作精神任职要求：大专或者以上学历，英语CET-4级以上、英文商务信函写作熟练、国际经济与贸易、商务英语、英语专业优先，,3.5K-5K/月
深圳市九叶灵枝电子商务有限公司,深圳市龙岗区华南城2号交易广场5A018,美工,全职,电商行业的火爆带动一个产业链的发展，网店客服、网店运营、网店仓储管理等，从职位需求、薪资、工作内容来看，网店美工无疑是电商产业链排名前3职位之一。1、负责公司产品拍摄，图片处理等后期制作；2、负责公司促销活动方案广告策划；3、负责公司宣传广告的各种平面设计，及企业画册设计；4、协助部门内的其它设计工作；,3.5K-5K/月
深圳市九叶灵枝电子商务有限公司,深圳市龙岗区华南城2号交易广场5A018,运营助理(内贸）,全职,1、负责在线解答客户的咨询并进行合理引导，促成销售订单的完成；2、负责确认客户资料及订购信息，及时准确回答客户提出的问题，在解答过程中要文明用语；3、对公司客户群进行维护与管理；4、联系买家修改中差评；5、及时有效的做好客户的回访工作；6、在不违反公司制度的前提下让客户感受到最大程度的满意。7：有相关经验者优先。,3.5K-5K/月
图奕科技（深圳）有限公司,深圳市福田区华强北街道通新岭社区深南中路1002号新闻大厦1号楼307,JAVA开发工程师,全职,1、按产品或项目要求进行技术开发，能独立完成模块分析设计；2、根据开发规范与流程独立完成详细设计，编码，测试及相关文档；3、负责商城平台、信息系统（如OA、CRM等）持续优化，以及微信企业平台端的开发；4、负责信息系统的推广应用，数据管理及日常维护管理；5、配合信息安全主任做好信息安全保密工作。,4K-15K/月
图奕科技（深圳）有限公司,深圳市福田区华强北街道通新岭社区深南中路1002号新闻大厦1号楼307,PHP开发工程师,全职,1.负责带领团队参与系统及相关产品架构、设计、开发，对模块功能及进度负责;2.优化项目开发流程，制订计划，部署工作任务，保证质量;3.负责从业务需求建立业务模型，并分解成开发任务;4.承担Web应用模块的设计/实现工作;5.负责网站性能优化和异常问题排查，协助各类异常处理.负责平台网站建设与维护;6.跟进工作领域中的新技术，解决平台产品开发相关难点问题，定期编写技术手册，组织培训，对下属进行指导和解惑;7.研究和探索创新的开发思路和前沿的前端技术，应用到团队与产品中;8.参与重大项目的立项工作，技术论证和架构设计;9.负责项目中自动化工具、项目管理工具的研发制作工作;10.负责形成部门开发资料档案的汇编与管理;11.完成上级交办的其余事项。,4K-12K/月
深圳市海云湾电子商务有限公司,深圳市宝安区福永街道福海科技工业园16栋兴飞宇大厦3楼,亚马逊产品开发,全职,1. 负责亚马逊平台产品开发，根据公司具体情况开发高质量、有潜力、利润可观的产品，并对产品周期与价格有比较精准的趋势判断。2. 定期对自己开发产品进行数据分析并能及时调整销售策略；负责对产品上市后的生命周期管理，包括产品的改进、产品线的延伸、包装升级等工作；控制产品的库存和风险，保证产品质量与售后服务。3. 熟悉每款所开发产品的特性，提取产品卖点提供运营人员完成产品的信息维护和更新。4. 清楚平台规则政策，懂得辨认侵权产品，能把握好开发出的新产品不会有侵权违规等问题，及时了解平台政策变化和竞争对手信息。,5K-8K/月
深圳市海云湾电子商务有限公司,深圳市宝安区福永街道福海科技工业园16栋兴飞宇大厦3楼,亚马逊运营,全职,1.操作Amazon美国站店铺，管理账号，确保账号安全，完成销售目标；2.编写产品英文描述，收集整理产品相关英文资料，完善产品信息，上传产品及价格跟进；3.产品推广，产品listing和关键词优化，做好站内外引流，提高产品排名，提升销量；4.收集amazon/亚马逊平台竞争对手的产品上线信息、价格与推广资源，提出产品及运营的改进建议；及协助开发人员调研新品市场5.回复客户邮件，提供售前咨询、订单追踪信息以及解答售后问题；处理feedback和差评，保持店铺高好评率/高信誉度，确保账号安全；6.制定FBA备货策略，确统计和分析销售数据和库存数据，及时调整销售策略，保持较好的库存流转率。,4.5K-7K/月
江西狮临果蔬有限公司,江西省上饶市信州区上东城9-1-5,跨境电商,全职,招聘职位1、业务类：联络、金融、财务（会计）、出纳、法务、供应链管理、物流、网络、采购、市场调研、招商专员、销售（营销）、规划设计、通讯、品控、运营、新媒体运营、信息分析、数据分析专员、文化、宣传、策划、平面设计、室内设计、广告设计、包装设计、美工、音乐、营养师、摄像师、公关经理、客户经理、客户关系管理、跨国贸易、跨境电商；2、勤务类：行政、助理、出纳、文员、编辑、客服、文秘、人事（人力资源）、培训、会务、文字、接待、文体；3、语言类：日语翻译、英语翻译、俄语翻译、法语翻译、西班牙语翻译、葡萄牙语翻译、泰语翻译、德语翻译、韩语翻译、印地语、朝鲜语翻译、意大利语翻译、荷兰语翻译、瑞典语翻译、越南语翻译、阿拉伯语翻译。4、其它：储备干部、研发、主持人、管培生。,4K-8K/月
江西狮临果蔬有限公司,江西省上饶市信州区上东城9-1-5,跨境电商,全职,招聘职位1、业务类：联络、金融、财务（会计）、出纳、法务、供应链管理、物流、网络、采购、市场调研、招商专员、销售（营销）、规划设计、通讯、品控、运营、新媒体运营、信息分析、数据分析专员、文化、宣传、策划、平面设计、室内设计、广告设计、包装设计、美工、音乐、营养师、摄像师、公关经理、客户经理、客户关系管理、跨国贸易、跨境电商；2、勤务类：行政、助理、出纳、文员、编辑、客服、文秘、人事（人力资源）、培训、会务、文字、接待、文体；3、语言类：日语翻译、英语翻译、俄语翻译、法语翻译、西班牙语翻译、葡萄牙语翻译、泰语翻译、德语翻译、韩语翻译、印地语、朝鲜语翻译、意大利语翻译、荷兰语翻译、瑞典语翻译、越南语翻译、阿拉伯语翻译。4、其它：储备干部、研发、主持人、管培生。,4K-8K/月
广州梵之容化妆品有限公司,广州市天河区华明路13号华普广场东塔1504B,主播经纪人,全职,1、协助上司负责对接主播，协助主播完成选品；2、结合艺人及产品特点，协助上司策划适合主播直播的内容；3、协助上司对主播直播的内容进行规范，及做出有吸引力的直播内容；4、负责主播直播活动的数据分析及整理，找出问题并提出改善的建议；5、完成上司交代的其它工作。,4K-8K/月
长沙万客信息科技有限公司,雨花区红星路紫金国际2栋1709-1711,电话销售,全职,通过打电话的方式跟商家沟通，邀请商家入驻美团,3K-6K/月
北京金都通用航空有限公司,河北省石家庄市裕华区西美五洲大厦,飞行员飞行教员,全职,招聘岗位：飞行学员招聘条件：1．男女不限；2. 年龄27周岁以下；3．大专及以上学历；4．具备良好的英文听说读写能力；5．身体条件良好，可根据以下标准作自我评定：**：男性在165-187厘米之间，女性在160-180厘米之间；无晕车、晕船；无骨与关节疾病或畸形；无色盲、色弱，按"C"字型视力表双眼裸视力在0.3以上；无口吃；无明显的"O"型或"X"型腿；无久治不愈的皮肤病，如头癣、湿疹、牛皮癣、慢性荨麻疹等；无肾炎或血尿，蛋白尿；无慢性肠胃道疾病；无肺结核；无较重的砂眼或倒睫；无肝炎或肝脾肿大；无耳朵流脓，听力差，经常耳鸣症状；无精神病家族史，癫痫病史。体检标准按中国民航局颁布的《民用航空人员医学标准》执行。6．心理素质条件对飞行有兴趣和愿望。性格开朗、情绪稳定、思维敏捷、反应灵活、动作协调、学习能力强。具备一定的领导决策能力和团队协作意识。7．政治条件拥护党的方针政策；热爱民航飞行事业；具有高度的责任心；具有良好的道德修养、遵纪守法未受过纪律处分。本人自愿，家长(监护人)支持。背景调查按中国民航局颁布的《民用航空背景调查规定》执行。招聘流程报名 ----- 资格审核 ----- 身体初检 ----- 英语测试 ----- 心理测试 ----- 综合面试-----背景调查 -----上报审批 ----- 签署无固定期劳动合同 ----- 办理报到手续。招聘费用招飞面试不收取任何费用，请勿向任何中介或个人交纳推荐费用。面试期间食宿、交通费用由应征者承担。,20K-30K/月
长沙万客信息科技有限公司,雨花区红星路紫金国际2栋1709-1711,实习BD,全职,免费邀请商家入驻美团，代表美团跟商家谈合作。,3K-5K/月
广州爆破工程有限责任公司,广州市越秀区明月一路20号明月阁2008室,工程技术管理人员,全职,职位描述：1、负责工程建设、施工的日常管理工作。2、联系施工单位、及时解决施工过程中出现的技术问题；如不能解决及时向分管领导汇报。3、完成领导交办的其它工作。,3.5K-6K/月
四川准达信息技术股份有限公司,中国（四川）自由贸易试验区成都高新区天府二街138号1栋11楼1101号,华为IMC储备工程师-云南,全职,华为IMC储备工程师：华为实施嵌入式管理工作职责：从事华为运营商现场技术支持及故障处理服务等工作，涉及产品有数通产品，传输产品，云核心网产品，无线产品（每一位求职者专业从事众多产品中的一个）1、数通产品线岗位职责：负责华为交换、路由、防火墙、IPRAN、OLT等相关产品督导、调测、升级、割接、网络优化等；2、传输产品线岗位职责：负责光传输网产品（SDH/WDM/PTN/OTN等）现场工程实施、调试及开通；3、核心网产品线岗位职责：负责华为业CS域、PS域、视讯等产品集成项目的咨询、实施等工作；4、无线产品线岗位职责：负责LTE无线网络、物联网/5G建设开通，维护等工作；5、项目管理岗位职责：负责协助/参与项目交付、质量、进度、合同回款及团队管理等工作。,3K-6K/月
广州铭子通电子科技有限公司,广州市天河区黄村东路35号启星商务中心B区B座B352,技术施工员,全职,1、 拥有CAD绘图、测量专业、水利工程、土木工程、建筑设计专业、电力系统专业、机械专业、地理信息等相关专业工作；2、 使用相关仪器进行现场探测画出管线分布图；3、 完成上级交付的其他工作任务。,6K-12K/月
上海孚厘金融信息服务有限公司,上海市徐汇区宜山路700号B2-303,营销储备生（合肥）,全职,1、拓展客户资源，建立和维护目标客户群的业务关系；2、维护客户关系，不断深入挖掘客户价值，防止客户流失；3、严格执行业务流程和管理办法，控制操作风险，保证业务运作符合监管政策、法规；4、开展客户资信调查及资产保全工作。,6K-8K/月
上海孚厘金融信息服务有限公司,上海市徐汇区宜山路700号B2-303,营销储备生（苏州）,全职,1、拓展客户资源，建立和维护目标客户群的业务关系；2、维护客户关系，不断深入挖掘客户价值，防止客户流失；3、严格执行业务流程和管理办法，控制操作风险，保证业务运作符合监管政策、法规；4、开展客户资信调查及资产保全工作。,6K-8K/月
猿起（武汉）科技有限公司,湖北省武汉市东湖新区光谷金融港A4栋13层,小学语文辅导老师（武汉）,全职,【工作职责】1、参与直播课程，跟踪学员的学习效果及线上互动；2、课后作业批改、线上习题讲解，从学员错误中找到薄弱环节，进行追踪解答巩固；3、电话／微信等联系家长，保持有效沟通，及时反馈学生学习情况；4、追踪学员课程报名情况，学员班级群内维护答疑，解决学员家长问题。,5-8k/月
北京阁润世界成套设备进出口有限公司,南新园西路甲六号阁润世界,客户代表,全职,工作阐述:1:公司提供目标群体.2:公司提供销售洽谈人员作为后期配合.3:工作的任务是将陌生的目标群体转换出商业机会移交给销售部.4:公司提供高端社交群体.企业环境优雅，对个人气质长成有重要影响力.5:岗位性质具有宽泛的时间沉淀特征.随着时间的加长，工作的成果与日颇丰.,5K-10K/月
广州铭子通电子科技有限公司,广州市天河区黄村东路35号启星商务中心B区B座B352,技术员,全职,1、 拥有CAD绘图、测量专业、水利工程、土木工程、建筑设计专业、电力系统专业、机械专业、地理信息等相关专业工作；2、 使用相关仪器进行现场探测画出管线分布图；3、 完成上级交付的其他工作任务。,6K-12K/月
广州铭子通电子科技有限公司,广州市天河区黄村东路35号启星商务中心B区B座B352,技术工程师,全职,1、 拥有CAD绘图、测量专业、水利工程、土木工程、建筑设计专业、电力系统专业、机械专业、地理信息等相关专业工作；2、 使用相关仪器进行现场探测画出管线分布图；3、 完成上级交付的其他工作任务。,6K-12K/月
海南京邦达供应链科技有限公司,海口市美兰区御景名城5-10号海南京东运营中心二楼,寒假兼职,全职,1.熟悉各项各种货物的码放标准、装卸规程。2. 在规定时间内将货物分到相应的地址块。3.保证货物运发运输目的准确，保证货物的正常运发。,1K-2K/月
邦泰合盛生物科技（深圳）有限公司,深圳市光明新区公明街道塘尾社区冠信德工业园7栋,质检员（享受技术员待遇）,全职,1、负责生产过程中，质量检测；2、如实记录各种生产数据，并认真对照SOP进行检测；3、指导生产按标准生产流程进行作业。,3.5K-6K/月
邦泰合盛生物科技（深圳）有限公司,深圳市光明新区公明街道塘尾社区冠信德工业园7栋,质检员（享受技术员待遇）,全职,1、负责生产过程中，质量检测；2、如实记录各种生产数据，并认真对照SOP进行检测；3、指导生产按标准生产流程进行作业。,3.5K-6K/月
邦泰合盛生物科技（深圳）有限公司,深圳市光明新区公明街道塘尾社区冠信德工业园7栋,QA,全职,1、负责质量体系运行及管控；2、负责质量事故追踪并给出初步处理建议；3、负责公司体系认证。,3.5K-6K/月
邦泰合盛生物科技（深圳）有限公司,深圳市光明新区公明街道塘尾社区冠信德工业园7栋,技术员,全职,1、协助工程师或生产主管人员做好生产统筹安排；2、在工程师指导下，对生产提供必要的技术支持。,3.5K-6K/月
北京金都通用航空有限公司,河北省石家庄市裕华区西美五洲大厦,飞行学员,全职,对飞行有兴趣和愿望。性格开朗、情绪稳定、思维敏捷、反应灵活、动作协调、学习能力强。具备一定的领导决策能力和团队协作意识薪酬福利1．飞行员享受国家规定的五险一金，并享受休假、健康疗养等各种福利待遇。2．薪酬：副驾驶：年薪30到40万。机长及飞行教员：年薪40到70万。报名方式1. 邮箱：bym@jinduair.com，邮件名：学校+姓名2. 电话报名：0311-66565957 15933654218 微信号:132607798713. 报名地址：河北省石家庄市裕华区西美五洲大厦812室招聘条件：1．男女不限；2. 年龄27周岁以下；3．大专及以上学历；4．具备良好的英文听说读写能力；5．身体条件良好，可根据以下标准作自我评定：**：男性在165-187厘米之间，女性在160-180厘米之间；无晕车、晕船；无骨与关节疾病或畸形；无色盲、色弱，按"C"字型视力表双眼裸视力在0.3以上；无口吃；无明显的"O"型或"X"型腿；无久治不愈的皮肤病，如头癣、湿疹、牛皮癣、慢性荨麻疹等；无肾炎或血尿，蛋白尿；无慢性肠胃道疾病；无肺结核；无较重的砂眼或倒睫；无肝炎或肝脾肿大；无耳朵流脓，听力差，经常耳鸣症状；无精神病家族史，癫痫病史。,30K-40K/月
北京粉笔未来科技有限公司,望京利星中心,初中全科辅导老师,全职,岗位职责：1.产品运营:课上，负责直播课中辅助主讲老师教学，进行习题讲解直播课程;课下，负责答疑学生课上不懂的问题。2.社群运营:运营所带学生的专属学习群。3.数据运营:追踪学生的学习效果，负责自己所带班级学员的到课率和续报率。,5K-8K/月
浙江医尔仁医疗科技有限公司,嘉善县大云镇嘉善大道2188号7号楼7210室,单片机开发工程师,全职,技能要求:电子技术，汇编语言，自动化控制 ，电路基础单片机的应用开发，包括1、产品的软件程序编写；2、产品的程序测试；3、根据产品要求，从电路设计到元器件选择、布局、PCB layout，以及后继的焊接、软硬件的联调，直至最终完成整个达到预定要求功能和参数的模块或电子控制系统的一系列工作。,4K-6K/月
浙江医尔仁医疗科技有限公司,嘉善县大云镇嘉善大道2188号7号楼7210室,城市销售专员,全职,技能要求：客户代表，BD，地推职责描述：1..根据所辖区域销售指标，采取相应销售活动，以实现年度销售目标；2.协助销售主管挖掘潜在客户；3.定期拜访客户，及时了解、收集并反馈市场和客户信息；4.负责所辖区域的销售及客户关系维护。,4K-6K/月
浙江医尔仁医疗科技有限公司,嘉善县大云镇嘉善大道2188号7号楼7210室,区域销售经理,全职,技能要求：战略管理，创业岗位职责：1. 负责所在城市区域内的市场开拓、产品销售、渠道建设等工作；并在未来发展中可以承接区域的售后服务工作，具有极大的发展挑战；2. 完成公司下达的销售指标和工作任务，制定促销方案并组织实施；3. 完成公司上级安排的其他工作；4，负责所在区域销售的管理工作，绩效考核，定期向公司汇报工作，及时提出改进意见。5.适应出差,6K-8K/月
浙江医尔仁医疗科技有限公司,嘉善县大云镇嘉善大道2188号7号楼7210室,售后服务工程师,全职,技能要求:1、负责机电安装项目的调试工作，能独立完成中西药靶向雾化冷喷机的调试工作；2、负责机电项目安装的设备调试：如压缩机、电机、机泵类、就地控制系统、变频器、温度变送器、压力变送器、密度计、液位计等仪器仪表；3、负责单元装置的调试、售后服务、故障诊断和排除；4、协助公司各部门解决客户现场技术问题；5、对设备系统操作人员进行培训；,4K-6K/月
浙江医尔仁医疗科技有限公司,嘉善县大云镇嘉善大道2188号7号楼7210室,技术工程师,全职,1.熟悉自动化行业特点及基本情况，熟悉单片机，电气元器件选型等相关工作2.熟悉CAD，Soliworks，3D MAX、熟悉ISO9000体系与设计开发流程;等软件优先考虑。3.可接受出差，懂电路板设计优先；,4K-6K/月
浙江医尔仁医疗科技有限公司,嘉善县大云镇嘉善大道2188号7号楼7210室,硬件工程师,全职,岗位职责:1.能够熟练运用电路图解决电路问题；2.负责本公司电路板检测及焊接维修等工作；3.具备独立的元器件选型工作；4.完成领导交办的其他事项。,4K-6K/月
中国平安人寿保险股份有限公司河南分公司海特营销服务部,农业路29号,线下推广员,全职,学习银行产品，推广平安旗下收款码，并且维护新老客户,5K-20K/月
佛山点道传媒人才服务有限公司,佛山市南海区桂城街道季华东路33号4座1005室,营销策划,全职,岗位职责：1、负责媒体活动策划、增粉及粉丝互动等，2、结合时下热点进行选题策划工作；3、制定微博微信的运营计划，组织策划相关线下线上营销活动；,4K-10K/月
北京粉笔未来科技有限公司,望京利星中心,小学数学辅导老师,全职,岗位职责：1.产品运营:课上，负责直播课中辅助主讲老师教学，进行习题讲解直播课程;课下，负责答疑学生课上不懂的问题。2.社群运营:运营所带学生的专属学习群。3.数据运营:追踪学生的学习效果，负责自己所带班级学员的到课率和续报率。,5K-8K/月
泉州兰台信息科技有限责任公司,泉州市丰泽区软件园8幢315,档案数字化专员,全职,1、负责政府档案文书的分类及整理工作2、负责档案扫描及归档工作3、档案查阅调档服务,2.5K-5K/月
叶城县教育局,叶城县育才路行政审批局4楼,中小学教师,全职,面向全国招聘中小学、幼儿园、高中教师，工作职责根据学历到不同学段去教书育人。,7.6K-8.3K/月
叶城县教育局,叶城县育才路行政审批局4楼,中小学教师,全职,面向全国招聘中小学、幼儿园、高中教师，工作职责根据学历到不同学段去教书育人。,7.6K-8.3K/月
岭博科技（北京）有限公司,北京市西城区新街口外大街28号102号楼321号,售后技术支持,全职,1. 接听酒店工作人员的电话，快速解决客户上网过程中遇到的问题；2. 完成用户故障的登记、处理和反馈，定期整理服务报告；3. 根据工作需要，合理安排各地技术支持工程师进行现场故障处理并保持跟踪；4. 配合公司相关部门进行售后阶段的用户关怀，和客户保持良好的关系；5. 远程技术支持经理安排的其它事宜。,3K-6K/月
岭博科技（北京）有限公司,北京市西城区新街口外大街28号102号楼321号,中英客服,全职,1、接听服务酒店工作人员和客人的电话，解决客人上网过程中遇到的问题；2、在客服管理系统中录入相关服务记录，不断补充和完善知识库中的内容；3、根据知识库内容协助客户解决上网问题，对不能解决问题及时转接给远程技术支持人员；4、服务中使用标准的语言规范，以中/英语为客户提供服务；5、对服务过程中遇到的新问题，积极和远程技术支持人员进行沟通，快速解决客人问题；6、协助相关部门进行客户满意度调查，定期提供800服务报告；7、完成部门领导交代的其他工作。,3K-5K/月
岭博科技（北京）有限公司,北京市西城区新街口外大街28号102号楼321号,技术支持工程师,全职,1. 接听酒店工作人员的电话，快速解决客户上网过程中遇到的问题；2. 完成用户故障的登记、处理和反馈，定期整理服务报告；3. 根据工作需要，合理安排各地技术支持工程师进行现场故障处理并保持跟踪；4. 配合公司相关部门进行售后阶段的用户关怀，和客户保持良好的关系；5. 远程技术支持经理安排的其它事宜。,3K-6K/月
岭博科技（北京）有限公司,北京市西城区新街口外大街28号102号楼321号,客服专员,全职,1、接听服务酒店工作人员和客人的电话，解决客人上网过程中遇到的问题；2、在客服管理系统中录入相关服务记录，不断补充和完善知识库中的内容；3、根据知识库内容协助客户解决上网问题，对不能解决问题及时转接给远程技术支持人员；4、服务中使用标准的语言规范，以中/英语为客户提供服务；5、对服务过程中遇到的新问题，积极和远程技术支持人员进行沟通，快速解决客人问题；6、协助相关部门进行客户满意度调查，定期提供800服务报告；7、完成部门领导交代的其他工作。,3K-6K/月
广州铭子通电子科技有限公司,广州市天河区黄村东路35号启星商务中心B区B座B352,销售代表,全职,1、 负责区域内的市场开拓与跟进，完成销售目标；2、 定期回访客户，做好老客户维护和新客户再开发；3、 掌握客户基本情况和动态，做好售前售后技术指导和服务，建立健全客户档案。4、 完成销售主管交代的其他工作任务；,6K-12K/月
云南湘江龙机械设备有限公司,昆明市西山区滇池柏悦5幢28楼,营销经理,全职,1、协助分公司经理完成个人及团队的销售任务；,5K-200K/月
云南湘江龙机械设备有限公司,昆明市西山区滇池柏悦5幢28楼,管理类文员,全职,1、协助公司各部门完成文员类相关工作；2、或协助分公司经理完成分公司的整体管理细节工作；,3K-8K/月
广州铭子通电子科技有限公司,广州市天河区黄村东路35号启星商务中心B区B座B352,工程技术员,全职,1、 CAD绘图、测量专业、水利工程、土木工程、建筑设计专业、电力系统专业、机械专业、地理信息等相关专业工作；2、 使用相关仪器进行现场探测画出管线分布图；3、 完成上级交付的其他工作任务。4、 使用仪器进行地下管线探测、管道三维测量、电缆故障和漏水检测的相关工作。,6K-12K/月
南宁市巨轮商贸有限责任公司,南宁市江南区五一西路裕联物流A4-2,业务员,全职,维护老客户，开发新客户，能出差，面向广西区域的市、县、乡镇轮胎店，补胎店，车队，集团用户。,2K-10K/月
连云港佑源医药设备制造有限公司,连云港市经济技术开发区大浦工业区临浦路20号,售后服务工程师,全职,1、负责设备的检验、安装、调试、维修；2、负责配合销售部门提供及时有效的技术支持及售前、售中、售后服务；3、为公司相关人员及经销商、终端用户提供技术培训；4、根据出库信息、用户报修、销售员和代理商反馈进行售后回访并建立用户档案，执行并完善维修服务标准化作业流程；5、协助相关部门进行市场调查及用户反馈工作；6、完成公司指派的任务和服务目标；,4K-9K/月
深圳市德胜医疗设备有限公司,深圳市宝安区石岩街道塘头社区塘头1号路领亚工业园综合楼三层301-1,嵌入式工程师,全职,1、根据产品系统功能要求，负责产品电子电气控制系统的开发、设计，评估。2、实施新产品的电子电路开发工作和产品设计变更，包括硬件开发，软件开发，固件开发等。3、参与组织电子电路生产相关工装夹具的整体配置、设计与验证；协助解决生产过程中的技术问题。4、负责编写个人设计部分的技术标准、设计文件等技术文件，保证编写的技术文件和各类记录的完成性，准确性，并及时归档；负责产品相关零件BOM的编写和日常维护。5、完成上级交待的其他任务。,4K-8K/月
广东瑞德智能科技股份有限公司,佛山顺德大良凤翔工业园瑞翔路一号,市场商务类供应管理类,全职,场中心：市场营销、金融学、国际经济与贸易、电子信息工程。电气工程及其自动化、电子信息科学与技术等专业供应链：电子信息工程、自动化、电子科学与技术 ，电气工程及其自动化、应用电子技术等专业,3K-6K/月
广东瑞德智能科技股份有限公司,佛山顺德大良凤翔工业园瑞翔路一号,运营技术类,全职,专业要求：自动化、电子科学与技术、电子信息工程、通信工程、物联网等电子相关专业,3K-6K/月
广东瑞德智能科技股份有限公司,佛山顺德大良凤翔工业园瑞翔路一号,研发技术类,全职,专业要求：自动化、电子科学与技术、电子信息工程、通信工程、物联网等电子相关专业,3K-6K/月
深圳市德胜医疗设备有限公司,深圳市宝安区石岩街道塘头社区塘头1号路领亚工业园综合楼三层301-1,质检专员,全职,1、主要负责物料的质量检验、生产过程中半成品和成品的检验工作。按照检验记录单要求进行检验，并填写有关的检验记录； 2、按检验规程对来料、半成品和成品进行检验并完善相关记录并把检验异常情况报告部门主管，发现质量问题及时予以纠正，跟踪处理结果；3、做好记录，定期向部门主管汇报，提出合理化建议，提高产品质量。,4K-6K/月
深圳市德胜医疗设备有限公司,深圳市宝安区石岩街道塘头社区塘头1号路领亚工业园综合楼三层301-1,质检专员,全职,1、主要负责物料的质量检验、生产过程中半成品和成品的检验工作。按照检验记录单要求进行检验，并填写有关的检验记录； 2、按检验规程对来料、半成品和成品进行检验并完善相关记录并把检验异常情况报告部门主管，发现质量问题及时予以纠正，跟踪处理结果；3、做好记录，定期向部门主管汇报，提出合理化建议，提高产品质量。,4K-6K/月
深圳市深辉酒店用品有限公司,深圳市罗湖区清水河一路52号博兴大厦9A,包装设计,全职,1、产品包装设计，广告宣传 、产品拍照上传2、网站维护。,5K-8K/月
连云港佑源医药设备制造有限公司,连云港市经济技术开发区大浦工业区临浦路20号,售后,全职,1、负责设备的检验、安装、调试、维修；2、负责配合销售部门提供及时有效的技术支持及售前、售中、售后服务；3、为公司相关人员及经销商、终端用户提供技术培训；4、根据出库信息、用户报修、销售员和代理商反馈进行售后回访并建立用户档案，执行并完善维修服务标准化作业流程；5、协助相关部门进行市场调查及用户反馈工作；6、完成公司指派的任务和服务目标；,4K-9K/月
深圳市德胜医疗设备有限公司,深圳市宝安区石岩街道塘头社区塘头1号路领亚工业园综合楼三层301-1,技术员,全职,任职要求：1. 学历要求：大专及以上，电子机电类相关专业。（优秀毕业生亦可）2. 工作经验：有1-3年及以上相关的工作经验。3. 知识要求：熟悉电路原理及相关电子技术知识，烙铁操作熟练.4. 其它要求：较强学习能力、分析和解决问题能力，做事细心，心态积极，有责任心，具有良好的沟通能力。,4K-6K/月
广东明源勘测设计有限公司,广东省河源市建设大道17号,法务专员,全职,（1）认真执行公司各项规章制度和工作程序，服从上级指挥和有关人员的监督检查，保质保量按时完成工作任务。（2）正确依据证照申办有关法规和政府有关职能部门的文件精神，办理证照申办和年检，使企业合法经营的手续齐全，做到及时、准确。（3）拟订、组织、呈报证照申办或年检的资料、做到资料齐全、内言准确、呈报及时。（4）对申办的证照的合法性负责。（5）对企业证照年检的真实性负责。,3K-8K/月
广东顺德顺策工程管理有限公司,佛山市顺德区大良顺峰居委会顺峰工业区广珠公路边景丰投资大厦第三层之一,项目管理人员,全职,负责工地现场质量安全管理。,2K-3.5K/月
深圳市思达优悦企业管理顾问有限公司,深圳市龙岗区坂田街道雪岗路2018号天安云谷产业园一期3栋D座702B、703单元,咨询顾问,全职,1、在项目经理的指导下，组织和参与银行的日常业务访谈，根据银行客户的需求，提出解决方案；2、完成客户访谈、信息收集、数据整理、课题研究分析等工作，能完成项目报告的独立撰写及陈述工作；3、根据项目需要对客户进行专业的培训与辅导；4、能适应长期出差，并可独立开展工作；5、完成公司安排的其他相关项目工作。,5K-10K/月
北京中天路通工程勘测有限公司,南岸一号礼安门84号楼103,市场营销,全职,岗位职责:1、负责公司项目的投标工作；2、负责公司项目客户的维护工作；3、负责公司产品的推广工作。,4K-6K/月
连云港佑源医药设备制造有限公司,连云港市经济技术开发区大浦工业区临浦路20号,工程师,全职,1、负责设备的检验、安装、调试、维修；2、负责配合销售部门提供及时有效的技术支持及售前、售中、售后服务；3、为公司相关人员及经销商、终端用户提供技术培训；4、根据出库信息、用户报修、销售员和代理商反馈进行售后回访并建立用户档案，执行并完善维修服务标准化作业流程；5、协助相关部门进行市场调查及用户反馈工作；6、完成公司指派的任务和服务目标；,4K-9K/月
连云港佑源医药设备制造有限公司,连云港市经济技术开发区大浦工业区临浦路20号,售后工程师,全职,1、负责设备的检验、安装、调试、维修；2、负责配合销售部门提供及时有效的技术支持及售前、售中、售后服务；3、为公司相关人员及经销商、终端用户提供技术培训；4、根据出库信息、用户报修、销售员和代理商反馈进行售后回访并建立用户档案，执行并完善维修服务标准化作业流程；5、协助相关部门进行市场调查及用户反馈工作；6、完成公司指派的任务和服务目标；,4K-9K/月
佛山市学优教育投资有限公司,佛山市三水区西南街道健力宝南路文辉大厦六楼B-E轴1号,小学晚辅导（全职）,全职,小学晚辅（全职）岗位职责：1、负青本机构学生放学接送安全及纪律；2、承担所带班级的课程辅导任务和答疑，作业和考卷批改;3、对孩子学习进度进行追踪了解，与学生、家长保持良好的沟通，随时解决各种突发问题职位特点：1、薪资待遇： 全职4000-10000 元/月。包括：全职底薪3800+一对一课时费 + 奖金。2、工作时间：春秋季 周一至周五 上午9：00-12：00 下午4：00-9：00 ；周末双休寒暑假 周一至周五 上午9：00-12：00 下午2：00-6：00寒假15天，暑假30天以上带薪长假3、公司发展迅速，处于扩张阶段，晋升空间巨大。4、提供住宿，五险，各种节日福利。5、享受产假、婚假、带薪休假等带薪假期。6、丰富多彩的员工活动（如年度旅游、员工聚餐、不定期的文体活动等）。7、各项奖励（评先评优奖金、年终奖、生日礼金、结婚礼金、节日生育慰问金等）。地址:佛山市三水区西南街道健力宝南路文辉大厦六楼（文辉校区）地址: 佛山市三水区西南街道张边路1号嘉德大厦301（潮立方校区）地址:佛山市三水区西南街道北江大道15号2楼24-25室（时代城校区）电话: 18038710903（黄老师）     19875778282（袁老师）固话：0757-87760960邮箱：xyjyzhaopin@163.com,4K-10K/月
今麦郎面品有限公司,隆尧县莲子镇西范村,储备学员,全职,营销储备干部为今麦郎公司重点培养的销售管理人才，有明确的晋升路线和方向，公司定期的培训，前期（4-6个月）为重点培训期，享受伙食补贴、交通补贴、话费补贴，公司从0开始培养。以应届毕业生或者毕业两年以内的往届毕业生为主，不要求有相关销售经验。培训期间收入在5000-8000左右。培训期结束后可以根据个人意愿调动至意向市场晋升为县级所长，负责当地市场总的销售和管理。,4K-6K/月
今麦郎面品有限公司,隆尧县莲子镇西范村,公关经理,全职,1、根据公司、产品、品牌情况按月策划公关传播话题和公关点；2、审核公关公司提报的月度公关方案，稿件的发布日跟进，包括媒体、话题等内容的审核；3、协助售后部门监测舆情，并提出舆情解决方案及管理负面舆情媒体关系；4、向公司内外普及公关知识，协同各部门进行公关策划及公关培训；5、发掘相关品牌、产品、领导人新的营销机会和传播手段，定期反馈与分享。1、根据年度品牌和传播需求策划公关事件并调整创意、执行工作；2、联系/协助联系行业内的媒体、协会资源，以达到资源的最优配置；3、执行推进活动、统筹协调活动资源、总结评估活动效果；4、项目执行中跟进所有的传播效果并及时进行调整和内部分享；5、项目首款、尾款等财务及内部申报流程；1、媒体关系维护及媒体资源梳理2、选择合作媒体评估合作方式；3、行业内公关事件参与及支持；4、大型危机公关处理；5、官方网站的策划和制作及后期运维管理；6、集团内其他公关事务的执行/配合执行；1、涉及到内容植入及内容运营层面的工作；2、植入栏目的谈判和植入内容的圈定；3、植入配套方案的定制和传播；4、网络营销基础及case营销的策划及执行；5、网络营销与电商营销的结合的策划及执行；6、百度SEO、论坛、知乎等话题策划7、相关工作的内外部流程沟通及处理,6K-15K/月
今麦郎面品有限公司,隆尧县莲子镇西范村,媒介专员/主管,全职,1） 管理媒介组日常工作事务；带领团队完成各月媒介组KPI 指标；2） 跨组沟通协作促进大型项目传播推进及落实；3）线下（传统媒体电视、户外、平媒等)、线上（网络媒体）代理公司方案沟通，日常管理，竞品动态、行业动态搜集分析等，建立媒体分析库并对其进行管理；4）规范媒介组作业流程，明确跨组协作范畴，使日常工作更标准化，流程化，高效化；,6K-15K/月
今麦郎面品有限公司,隆尧县莲子镇西范村,品牌专员/主管,全职,1、今麦郎品牌策略制定2、品类下新产品策略制定及产品命名3、代言人策略制定4、整合营销传播规划1、包装的创意到执行完稿2、主视觉创意、拍摄以及终端延展物料设计、终端生动化3、TVC脚本创意、拍摄及后期剪辑制作4、围绕年度品牌诉求进行线上传播规划、制定媒介/网络/公关品牌传播brief、内容及创意把控与评估5、围绕年度品牌诉求进行线下传播规划、标准制定、把控6、围绕新产品核心卖点进行上市传播规划、把控、执行7、从品牌角度评估内容资源的契合度、合作形式的洽谈，结合产品进行内容植入的把控,6K-15K/月
北京华樾教育科技有限公司,北京市海淀区知春路7号致真大厦A座18层,大客户运营（教研助理）,全职,1、调研跟进反馈。了解华南各实验区“语文主题学习”实施情况，了解学校以及当地教研部门的需求以及存在的问题，及时反馈，为教研专家制订工作计划和开展教研活动提供详实准确的情况。2、策划组织活动。根据实验区的教研需求和实际，协助教研专家策划、组织有针对性的教研活动。3、协调沟通联络。与实验区教研人员和校长常态沟通交流，当好他们的助手。,6K-10K/月
北京华樾教育科技有限公司,北京市海淀区知春路7号致真大厦A座18层,大客户运营（教研助理）,全职,1、调研跟进反馈。了解华南各实验区“语文主题学习”实施情况，了解学校以及当地教研部门的需求以及存在的问题，及时反馈，为教研专家制订工作计划和开展教研活动提供详实准确的情况。2、策划组织活动。根据实验区的教研需求和实际，协助教研专家策划、组织有针对性的教研活动。3、协调沟通联络。与实验区教研人员和校长常态沟通交流，当好他们的助手。,6K-10K/月
东莞市正洋铭新材料有限公司,东莞市大朗镇大朗商会大厦1128室,人事行政助理,全职,1、协助上级完成人事考勤、人员招聘、人员培训、工资核算和后勤管理工作。2、负责文件的编写、打印、发放和存档工作。3、负责人事档案的整理、劳动合同的签订以及办理员工入职、离职手续。4、负责各类活动、会议的组织和记录。5、负责安全生产、环保等相关资料的填写、整理、归档和申报工作。6、对公司证照有关证照及文件进行有效管理，跟进年检工作。7、协助上级对外来人员的来访及政府部门检查接待工作。8、完成上级领导交办的其它相关工作。,4K-5K/月
青岛农百年生态科技有限公司,市北区黑龙江南路2号丙1509,财务助理,全职,岗位职责：1、完成公司的财务工作，包括：日常账务，发货及库存核对，报销及付款审核；2、协助公司负责人完成费用预算规划；3、领导临时交代的其他工作等。,3K-3.5K/月
东莞兴昂鞋业有限公司,东莞市大岭山镇大岭村厚大路旁,PE工程师助理,全职,1.负责对运动鞋鞋类制作流程的设定2.负责与外部客户进行协作与产品开发3.以工程的角度对产品生产制程的测试与评估4.与各部门间的沟通协调，来解决产品从开发到大量生产中遇到的技术问题,4K-4.5K/月
东莞兴昂鞋业有限公司,东莞市大岭山镇大岭村厚大路旁,开发业务助理,全职,1.定期追悠沸芜M度2.追踪样品生产进度、调料、安排制作样品，安排样品试穿；3.接单、订单追踪，样品出货，与客户及内地工厂沟通。,4K-4.5K/月
东莞兴昂鞋业有限公司,东莞市大岭山镇大岭村厚大路旁,文件翻译助理,全职,岗位职责1、新开发交接后，按照客户要求做出相应改动以达到客户需求；开模后做相关型体流程所需的制具并制作PFC资料2、负责日常英语业务的翻译，收、发邮件；3、F鲎悠r，要O定，看好品|，有}及r反；4、新型w做，PFC流程，并做c流程要的相P工具；5、翻译资料的整理收集、知识管理。6、完成上级主管交办的其他工作。,4K-4.5K/月
上海一嗨汽车租赁有限公司深圳第一分公司,深圳龙岗坂田百瑞达大厦2301,门店运营实习生,全职,1、协助沟通客户，处理客户订单，根据订单为客户验车、发车和收车；2、根据实际情况，为客户提供增值服务，包括但不限于车型升级、安全座椅、行车保险等，增值销售有提成无任务要求；3、协助店长进行门店车辆、人员和财务管理工作，致力于提升门店营业额，为客户提供一流服务。,4.5K-6K/月
嘉兴学通教育咨询有限公司,浙江省嘉兴市南湖区庆丰路875号信源大厦3楼,美术老师,全职,1.针对每位学生情况，对其进行个性化的课程讲授。2.在授课期间定时组织测验活动，以检验学生接受辅导的成效。3.与本学科组内教师进行教研交流、教学研究。4.与学生家长定期进行沟通交流。,5K-10K/月
深圳市卓琼科技有限公司,办公地址：东莞市凤岗镇碧湖大道39号翼达龙科技园办公楼5楼,电商美工,全职,负责产品简修或精修，PS，详情页A+页面设计等。1、产品简修或精修，处理产品图片，进行色彩搭配、物品搭配，抠图加以美化，加做效果图；2、对接开发和编辑的排版要求，协助项目部处理换图及亚马逊图片处理工作；3、负责亚马逊A+页面设计制作。3、配合摄影师，从拍摄方面控制产品的图片效果；4、领导安排的其它美工设计工作。,4K-6K/月
中山市阿布达拉教育培训中心,广东省中山市南头镇建设路22号三楼,英语教师,全职,1. 负责英语课程的教学，根据校区课表进行授课；2. 定期与家长沟通学生情况及学习计划；3. 主讲试听课及安排英语课外活动课；4. 参加教师培训课程及相关研讨会；5. 协助学生开展线上口课，跟踪线上口语教师授课情况；6. 配合校区运营完成其他相关工作。,5K-15K/月
青岛农百年生态科技有限公司,市北区黑龙江南路2号丙1509,行政文员,全职,岗位职责：1、负责协助上级领导完成办公室的日常行政工作，包括：文字、办公用品采购等2、市场人员的信件及费用、报货的收取并初审；3、办公室日常接待；4、公司日常考勤；5、领导临时交代的其他工作等。,2.5K-3.5K/月
惠州市艾比森光电有限公司,惠州市惠城区水口镇东江高新区东华南路3号,CQE,全职,1. 客户品质投诉/反馈/退货的处理，跟进整理分析报告；2. 客户投诉内部展开推动改善；3. 按照客户/行业/公司 的相关标准处理客户质量投诉；4. 质量标准与客户特殊要求的导入。,6K-10K/月
惠州市艾比森光电有限公司,惠州市惠城区水口镇东江高新区东华南路3号,测试工程师,全职,1.对测试样品制定检测方案，按照相关标准执行检测工作；2. 评估新项目测试的可行性（供应商标准、临时标准、新产品新工艺标准）；3. 对测试中发现的问题进行详细分析和准确定位，与开发人员讨论缺陷解决方案；4. 提出对测试方法的进一步改进的建议，并评估改进方案是否合理，对测试结果进行总结与统计分析；5. 掌握设备性能特性，熟悉常见环境实验设备，光学测量设备，电子测量设备的使用和维护。,6K-10K/月
惠州市艾比森光电有限公司,惠州市惠城区水口镇东江高新区东华南路3号,DQA,全职,1、负责制定需执行的可靠性测试项目清单和制定质量保证计划；2、负责制定设计验证计划和报告，包括新技术、新材料、新工艺的验证，设计方案的验证、仿真、模拟、计算等对量具/试验设备的要求评审；3、负责跟进和确认特殊特性验证报告跟进，确认产品可靠性试验报告和QPA审核；4、主导样品阶段失效分析和问题解决，处理样品阶段的客户投诉并回复8D报告，组织人员对设计变更进行试验测试确认，敦促研发制作差异表；5、建立、持续完善和跟踪关闭问题跟进清单；6、负责对重大、多发性、系统性品质客诉，主导组织相关部门立项改善。,6K-10K/月
惠州市艾比森光电有限公司,惠州市惠城区水口镇东江高新区东华南路3号,IE工程师,全职,1、负责制订标准工时，人员定额；2、负责产能评估，持续改善生产效率，协助生产线解决问题；3、负责规划工厂布置，优化物流，增加空间利用率，优化流水线物流，合理安排流水线，发挥最大效能；4、负责改善作业方式及线平衡，提升作业效率，减少材料报废。,6K-10K/月
湖南富盟传媒有限公司,长沙市人民路568号融圣国际八栋六楼,渠道经理,全职,1、负责公司产品的销售推广及维护；2、根据市场计划完成销售目标；3、开拓新市场，发展新客户，增加产品的销售范围；4、负责云平台信息的收集及竞争对手的分析；5、客户回款和维护，产品的售后工作。,3K-6K/月
湖南富盟传媒有限公司,长沙市人民路568号融圣国际八栋六楼,渠道经理,全职,1、负责公司产品的销售推广及维护；2、根据市场计划完成销售目标；3、开拓新市场，发展新客户，增加产品的销售范围；4、负责云平台信息的收集及竞争对手的分析；5、客户回款和维护，产品的售后工作。,3K-6K/月
深圳市小米姑娘投资有限公司,深圳市龙岗区坂田街道神舟电脑大厦4001,食品化验岗,全职,负责食品检疫检验工作,3K-6K/月
佛山市学优教育投资有限公司,佛山市三水区西南街道健力宝南路文辉大厦六楼B-E轴1号,中小学老师（全职）,全职,小学初中语、数、英物理、化学各科老师(全职）全职: 6000-20000元/月佛山市学优教育投资有限公司全职:本科或研究生应届毕业生岗位职责:   1、负责小初各学科的教学工作；   2、 根据课程安排及学习进度，协同科组长，参与本学科试题、讲义、辅导方案的编写、整理工作，参与各学科的教学教研工作的开展；   3、根据学生的实际情况，制定因人适宜的教学方案，并进行学习方法指导、学习习惯的培养和适度的课后跟踪服务;   4、与学生、家长保持良好的沟通，分阶段跟家长反馈情况，定期对学生进行教学引导和心理疏导工作；   5、及时接收学生、家长的反馈意见，不断提高教学服务质量。任职要求:   1、本科及以上学历，普通话标准，专业功底深厚，有教师资格证和课外教学经验者优先；   2、专业功底扎实，思维敏捷，讲课条理清晰；   3、有团队意识，有亲和力，善于与学生、家长交流沟通。   4、有志于投身教育，热爱学生，值得学生心理，致力于成为优秀教师。职位特点:   1.薪资待遇:全职6000- 20000元/月。   2、 工作时间:   春秋季 周三至周五上午8: 30-12: 00；周末授课；   寒暑假 开课期间按照排课时间上班，无需坐班。   3、公司发展迅速，处于扩张阶段，晋升空间巨大。   4、提供住宿，五险，各种节日福利。   5、享受产假、婚假、带薪休假等带薪假期。   6、丰富多彩的员工活动（年度出游、员工聚餐、不定期的文体活动等)。   7、各项奖励(评先评优奖金、年终奖、生日礼金、结婚礼金、节日、生育慰问金等)。地址:佛山市三水区西南街道健力宝南路文辉大厦六楼（文辉校区）地址: 佛山市三水区西南街道张边路1号嘉德大厦301（潮立方校区）地址:佛山市三水区西南街道北江大道15号2楼24-25室（时代城校区）电话: 18038710903（黄老师）     19875778282（袁老师）固话：0757-87760960邮箱：xyjyzhaopin@163.com,6K-20K/月
岭博科技（北京）有限公司,北京市西城区新街口外大街28号102号楼321号,测试工程师,全职,- 本科及以上学历，计算机或通信相关专业，修过计算机网络，操作系统原理，TCP/IP等学科，应届生优先- 对路由/交换等数据通信产品/技术有一定程度了解- 对Linux有一定程度了解- 沟通能力良好,4K-6K/月
岭博科技（北京）有限公司,北京市西城区新街口外大街28号102号楼321号,研发工程师,全职,1、功能测试的方案用例设计2、功能测试系统的调试和装配3、负责bug管理平台的跟踪和管理工作，协助开发工程师定位bug原因4、完成部门领导交代的其他工作。,4K-7K/月
岭博科技（北京）有限公司,北京市西城区新街口外大街28号102号楼321号,技术支持,全职,1. 接听酒店工作人员的电话，快速解决客户上网过程中遇到的问题；2. 完成用户故障的登记、处理和反馈，定期整理服务报告；3. 根据工作需要，合理安排各地技术支持工程师进行现场故障处理并保持跟踪；4. 配合公司相关部门进行售后阶段的用户关怀，和客户保持良好的关系；5. 远程技术支持经理安排的其它事宜。,4K-6K/月
深圳市乐有家控股集团有限公司,深圳市福田区八卦岭工业区八卦岭厂房428栋东侧3楼,总经理助理,全职,1：薪酬底薪4500转正4800，绩效奖励行动绩效奖包括二部分(综合工资6000至10000带组奖＋招聘奖2：福利五险一金、车补、节日福利、高端智能手机、节日关怀礼、国内外旅游、年假、婚假、产假3：晋升空间晋升路线图：店务主任―区域主任―总裁助理―城市总经理一个月一次公平公开竞聘4：工作地点深圳南山区、福田区、龙华新区、龙岗坂田就近安排，提供住宿5：工作内容主要负责行政日常门店管理，招聘，人事手续办理，日常上级安排工作6：工作时间朝九晚六9:00―12:00，13:15―18:15大小周休息7：住宿情况见习期间免费提供住宿，入职之后和其他的室友一起分摊住宿费用，8：见习面试―见习―入职，入职开始记薪酬【见习一周左右是不提供薪资的在这个期间免费提供住宿导师一对一的带教不收任何费用，如果您开单了也是有业绩的】,4.8K-12K/月
上海杨浦区新东方进修学校,上海杨浦区国权路108号4楼,中学英语/数学/语文教师(优能个性化）,全职,岗位：中学英语/数学/语文教师部门：优能个性化部职位描述:1.负责初中/高中课程的教学工作；主要为1v1课程和1v6课程。2.参与课程教案的编写及课程规划，协助完成教学流程并保证课程质量；3.发现孩子的成长问题并与家长保持及时、良好的沟通；4. 进行常规课后反馈和个性化辅导方案的编写；5.配合学科负责人完成其他赋予的工作。,8K-15K/月
上海彭浦机器厂有限公司,上海浦东新区沧海路288号,平面设计师,全职,从事企业文化宣传，产品样本设计，展会设计、平面及视频规划制作等,4.7K-6K/月
深圳市联业光电技术有限公司,深圳市龙岗区宝龙街道同德社区浪背工业区95-1号,外贸专员,全职,了解公司情况，熟记公司各类产品特性及功能；了解市场行情，特别是竞争对手的信息；通过各种渠道各种方式寻找目标客户；参加展销会；拜访客户，与之交流，签订订单；跟进订单出货进度，如期交货；回答客户及准客户的各种问题，协调解决产品相关问题，提出产品改善意见或管理上的意见；通过各种营销手段推广公司产品。,4K-5K/月
广西创纬业勘察测绘有限公司,广西壮族自治区河池市金城江区富华路116号,测绘地理信息工程师,全职,从事测绘、地理信息数据处理、土地规划、不动产登记等业务。,2K-5K/月
深圳市联业光电技术有限公司,深圳市龙岗区宝龙街道同德社区浪背工业区95-1号,营销专员,全职,了解公司情况，熟记公司各类产品特性及功能；了解市场行情，特别是竞争对手的信息；通过各种渠道各种方式寻找目标客户；参加展销会；拜访客户，与之交流，签订订单；跟进订单出货进度，如期交货；回答客户及准客户的各种问题，协调解决产品相关问题，提出产品改善意见或管理上的意见；通过各种营销手段推广公司产品。,4K-5K/月
北京华樾教育科技发展有限公司,北京市海淀区知春路致真大厦A座18层,大客户运营,全职,招聘岗位名称：大客户运营。岗位职责：1. 负责辖区实验项目的跟踪、拓展计划的制定和实施； 2. 负责辖区重点客户、重点区域的客情维护、实验维护支持等的执行； 3. 负责辖区实验项目的图书征订、汇款、书籍收发等工作的执行及联络.,7K-8K/月
车智互联（北京）科技有限公司,北京市海淀区丹棱街3号B座11层1110,个案策划-管培生,全职,岗位职责：1、 完成汽车之家品牌及客户产品的策略支持和日常策划任务；2、 良好的客户沟通协调、计划、谈判技巧，能够把握提案进程与需求掌控； 3、 深入研究特定级别车型、客户需求、做好公司重点项目的调研分析、包装工作。,5K-8K/月
车智互联（北京）科技有限公司,北京市海淀区丹棱街3号B座11层1110,渠道客户经理-管培生,全职,岗位职责：1、汽车客户的代理公司需求对接及挖掘，确保业务的顺畅及目标的达成；2、代理公司的客户业务开拓，抢占更多的市场份额；3、完成所负责品牌的年度任务指标，并对行业信息及公司需求收集；4、媒体的价值传递，确保代理准确了解媒体的价值。,5K-8K/月
车智互联（北京）科技有限公司,北京市海淀区丹棱街3号B座11层1110,项目经理-管培生,全职,岗位职责：1、工作计划：根据目标协调各区销售制定销售工作计划；2、需求管理：收集整理客户需求及问题，定期对需求及问题进行整理分析；3、进度管理：定期固定Review销售工作计划执行情况，针对问题进行优化；4、流程管理：收集销售工作中流程问题，提出解决方案；5、资源协调及沟通：工作中根据工作需要协调各部门干系人，及时同步客户最新情况，确保信息同步。,5K-8K/月
车智互联（北京）科技有限公司,北京市海淀区丹棱街3号B座11层1110,项目经理-管培生,全职,岗位职责：1、工作计划：根据目标协调各区销售制定销售工作计划；2、需求管理：收集整理客户需求及问题，定期对需求及问题进行整理分析；3、进度管理：定期固定Review销售工作计划执行情况，针对问题进行优化；4、流程管理：收集销售工作中流程问题，提出解决方案；5、资源协调及沟通：工作中根据工作需要协调各部门干系人，及时同步客户最新情况，确保信息同步。,5K-8K/月
车智互联（北京）科技有限公司,北京市海淀区丹棱街3号B座11层1110,媒介执行-管培生,全职,岗位职责：1、准确解读客户需求，能够独立完成广告排期制作、合同提审相关工作；2、广告执行期间，与相关人员及时沟通上线前的准备工作，确保广告播出无误；负责日常广告监测、日数据及周数据报告，广告截屏、刊播报告等工作，密切关注广告执行效果及信息反馈；4、顺畅高效的与合作部门沟通，确保日常工作的顺利进行；5、能够对所负责的广告执行工作进行优化；6、其他日常媒介工作。,6K-12K/月
车智互联（北京）科技有限公司,北京市海淀区丹棱街3号B座11层1110,客户经理-管培生,全职,岗位职责： 1、面向汽车厂商的大客户销售，需承受短期出差要求；2、有效传递产品的价值，影响客户在网络营销战略与策略层面的思路，创造营销机会；3、协助、监督、保障项目的落地与顺利实施；4、进行客户信息管理和客户关系维护工作，为客户提供数据分析及改善建议；5、理解并执行公司的战略意图，制定客户发展计划，进行客户销售预测，完成公司及部门下达的对应业务指标。,5K-8K/月
深圳市乐有家控股集团有限公司,深圳市福田区八卦岭工业区八卦岭厂房428栋东侧3楼,董事长助理,全职,培养方向：1、职业经理人方向（集团职能中心负责人、营销副总裁/总裁、城市CEO等集团高管）；2、文秘/董事会秘书方向；3、投资/基金经理专业方向。,13K-22K/月
广东奥普特科技股份有限公司,广东省东莞市长安镇锦厦社区锦升路8号,视觉应用工程师,全职,1、光学成像模组设计、方案实施；2、现场异常的分析、解决。,4K-5K/月
四川链家房地产经纪有限公司,成都市武侯区龙腾东路中海大厦5楼,销售管培生,全职,1、负责房源和客户的开发和维护，接待与咨询，提供全方位，专业的房地产置业服务；2、了解客户需求，促成二手房买卖或租赁业务，并负责业务跟进和房屋过户手续办理等后续服务工作；,4K-10K/月
中铁港航局集团第三工程有限公司,广东肇庆站北路46号,物流管理,全职,1做物资管理台帐，掌握物资的数量、动态及技术状况，积累和分析各项原始记录及统计资料，上报各类报表。2、责本项目工程物资的供应管理工作，对供应物资材料质量、价格进行监督。3、点验进场原材料、半成品及成品，按规定入库保管，建立出入库台账和逐日材料消耗台账。4、负责原材料进场后填写通知单，通知试验室(员)取样送检，并负责原材料、半成品状态标识。,5K-8K/月
云南本付商务服务有限公司,盘龙区北京路1115号银座写字楼5楼7号云南本付,前台接待,全职,1、 完成每天分配的工作任；2、 参加公司组织的各项学习会议，强化专业知识，做好总结；3、 每天制定工作计划，整理客户资料；4、 准时参加早会，如实上报工作内容和工作中的问题。,2K-3K/月
深圳市鸿捷源自动化系统有限公司,深圳市福田区上步工业区202栋南方大厦302室,电气研发工程师,全职,1、电气系统的设计与现场调试2、公司相关电子产品的设计与现场调试,5K-7K/月
珠海市彩诺电子科技有限公司,珠海市洪湾正方科技园1号厂房三楼,跨境电商助理,全职,各店铺产品上新；客户邮件回复；跟进订单转单发货；上级交办其他事项；,2.5K-10K/月
深圳市天音科技发展有限公司,深圳市福田区上梅林深华科技园2栋3楼西,门店商务岗,全职,岗位职责：1、电话通知客户取机；2、客户回访及数据的系统录入；3、厂家指标考核把控；4、异常数据的申诉及反馈。任职资格：1、行政管理、计算机应用、电子电器类专业；2、熟练操作办公软件，打字速度快，有亲和力；3、具有良好的沟通能力及理解能力，良好的服务意识及团队精神；,3K-5K/月
深圳市天音科技发展有限公司,深圳市福田区上梅林深华科技园2栋3楼西,门店前台受理岗,全职,1、提供优质“三包”服务；2、营业厅销售业务开展；3、完成公司相关报表汇总及发布；4、遵守公司相关规章制度，执行“5S”管理。招聘要求：1、专业不限；2、具备良好的服务意识和沟通协调能力；3、敬岗爱业，责任感强。,3K-5K/月
深圳市天音科技发展有限公司,深圳市福田区上梅林深华科技园2栋3楼西,仓库管理岗,全职,岗位职责：1.手机产品的物料订购及核销；2.自有系统的物料管理，包括录入、转仓等；3.每月的库存盘点，包括自盘和配合财务人员进行盘点；4.其它临时性协作工作。,3K-5K/月
深圳市天音科技发展有限公司,深圳市福田区上梅林深华科技园2栋3楼西,门店技术岗,全职,岗位职责：1、手机售后服务与维修、及时完成当天维修工作任务2、受理日常客户送修手机，工单详细填写；3、提供咨询服务，厂家政策及公司政策的及时掌握。任职要求：1、电子电器类专业；2、心态良好，有团队意识，有较强沟通协调能力；3、有刻苦钻研精神， 对技术工作有着深厚兴趣；4、具备良好的安全操作意识。公司福利：1、公司提供住宿，实行一周六天七小时工作制；2、年假、按照劳动法条件要求下的各带薪休假；3、享受丰富的员工活动津贴及公司规定的节假日补贴；4、入职即缴纳社保五险；5、公司为各岗位提供有利的晋升机会及职业通道。,3K-5K/月
深圳市思达优悦企业管理顾问有限公司,深圳市龙岗区坂田街道雪岗路2018号天安云谷产业园一期3栋D座702B、703单元,平面设计（兼职）,全职,公司文宣品、产品方案的版面编排、创意设计,1K-5K/月
深圳市思达优悦企业管理顾问有限公司,深圳市龙岗区坂田街道雪岗路2018号天安云谷产业园一期3栋D座702B、703单元,销售顾问,全职,1、保持与客户的日常沟通，与客户建立良好合作关系；2、进行目标客户深度开发和服务；3、维护客户关系管理系统，完善客户和项目信息，保证销售数据的准确和完整；4、积极参与公司举办的各类市场推广活动，参与团队交流分享，与团队共同成长。,5K-15K/月
深圳市思达优悦企业管理顾问有限公司,深圳市龙岗区坂田街道雪岗路2018号天安云谷产业园一期3栋D座702B、703单元,销售顾问,全职,1、保持与客户的日常沟通，与客户建立良好合作关系；2、进行目标客户深度开发和服务；3、维护客户关系管理系统，完善客户和项目信息，保证销售数据的准确和完整；4、积极参与公司举办的各类市场推广活动，参与团队交流分享，与团队共同成长。,5K-15K/月
深圳市思达优悦企业管理顾问有限公司,深圳市龙岗区坂田街道雪岗路2018号天安云谷产业园一期3栋D座702B、703单元,助理讲师,全职,1、全国银行项目，按照客户完成培训授课;2、根据银行需要有针对性的开发培训课程，编写课件，带领助教实施培训任务；3、协助项目洽谈，落实项目交付；4、其他培训相关事宜；,4K-10K/月
湖北正大有限公司,湖北省随州市季梁大道001号,储备干部,全职,综合素质高，学习能力强。,3K-8K/月
湖北正大有限公司,湖北省随州市季梁大道001号,销售岗,全职,综合素质高，学习能力强。,3K-6K/月
湖北正大有限公司,湖北省随州市季梁大道001号,校园百人精英项目,全职,综合素质高，学习能力强。,3K-6K/月
东莞市童米母婴用品有限公司,湖南省长沙市岳麓区望城坡街道玉兰路577号达美苑15栋A单元2802,Amazon销售助理,全职,工作地点： 长沙市望城坡地铁站C出口步行5-6分钟，达美D6区15栋2802室职位信息1. 负责Amazon客服工作，及时处理回复客户售前，售中，售后邮件.2. 负责Amazon账号平台客户提交的评论，每天检查feedback及Review，及时联系留中差评的客户，提供合理的解决方案，有效地减少帐号中差评，提高DSR，增强帐号的安全和稳定性；3. 负责账号平台客户提出的问题，每日检查并及时回复4. 收集和整理客户的反馈信息，反馈给相关主管人员，以便进行改善；5. 协助安排补货统计分析，物流走货，补货事宜；6. 完成公司分配的其他任务和其他安排，配合同事处理好日常事务,3K-10K/月
江西狮临果蔬有限公司,江西省上饶市信州区上东城9-1-5,美工,全职,招聘职位1、业务类：联络、金融、财务（会计）、出纳、法务、供应链管理、物流、网络、采购、市场调研、招商专员、销售（营销）、规划设计、通讯、品控、运营、新媒体运营、信息分析、数据分析专员、文化、宣传、策划、平面设计、室内设计、广告设计、包装设计、美工、音乐、营养师、摄像师、公关经理、客户经理、客户关系管理、跨国贸易；2、勤务类：行政、助理、出纳、文员、编辑、客服、文秘、人事（人力资源）、培训、会务、文字、接待、文体；3、语言类：日语翻译、英语翻译、俄语翻译、法语翻译、西班牙语翻译、葡萄牙语翻译、泰语翻译、德语翻译、韩语翻译、印地语、朝鲜语翻译、意大利语翻译、荷兰语翻译、瑞典语翻译、越南语翻译、阿拉伯语翻译。4、其它：储备干部、研发、主持人、管培生。,4K-8K/月
深圳市布达拉电子商务有限公司,深圳市宝安区石岩街道应人石社区天宝路67号福景市场大厦301,外贸业务,全职,1、负责账号的销售管理，维护账户的安全；2、负责市场调查/分析，能制定销售策略，达成销售业绩；3、利用各种运营技巧，提高产品的曝光率，以及转化率；4、通过相关平台发布产品，处理询盘、报价，跟踪发货；5、定期对客户档案进行分析、整理，并建立、维护客户档案数据库；,4K-10K/月
广州梵之容化妆品有限公司,广州市天河区华明路13号华普广场东塔1504B,售前客服,全职,1、利用千牛在线交流软件进行客户交流，及时回复并耐心解答客户咨询问题；2、了解客户需求，运用沟通技巧，有效引导客户，促进订单达成；3、保持与客户的良好沟通，建立并维护公司形象。,3K-5K/月
广州梵之容化妆品有限公司,广州市天河区华明路13号华普广场东塔1504B,直播运营（可接受应届生）,全职,1、根据部门的直播运营计划，跟进好主播的直播排期和内容，并对直播的销售情况进行整理和反馈；2、与运营团队配合，管理和维护好直播的排期和内容，提高直播间的流量及转化率，完成销售目标；3、对直播的效果进行统计和分析，辅助上级筛选出优质的直播机构和主播；4、保持良好的沟通，通过多种形式激励主播创造优质的直播内容；5、整理和收集同行业的直播销售数据，建立最新的信息资料库，以便为上级确定新的优质直播机构和主播提供依据和数据支持；6、完成上级交代的其它任务。,3.5K-6K/月
珠海市彩诺电子科技有限公司,珠海市洪湾正方科技园1号厂房三楼,外贸业务员,全职,跟进好客户分配的客户资源；利用各种方式开拓新客户并落单；跟进客户的需求；,2.5K-10K/月
佛山市锐毅马达制造有限公司,佛山市北蛘虮蛘蚧屏村委会龙乐路,文员管理,全职,能够制定合理的目标能够果断的做出决策，妥善的处理问题,4.5K-8K/月
东莞市正洋铭新材料有限公司,东莞市大朗镇大朗商会大厦1128室,会计助理,全职,岗位职责： 1、熟悉掌握财务制度、会计制度和有关法规； 2、负责日常财务凭证的审核，做到凭证合法、内容真实、数据准确； 3、负责发票认证、报税及纳税申报；4、财务凭证装订成册并妥善保管；5、财务主管交代的其他事项。,3K-3.5K/月
北京阁润世界成套设备进出口有限公司,南新园西路甲六号阁润世界,项目经理,全职,主要是从事酒店以及社会餐饮厨房设备工程，该岗位负责项目的跟踪/设计/接洽工作,5K-10K/月
北京阁润世界成套设备进出口有限公司,南新园西路甲六号阁润世界,设计监理,全职,主要是从事酒店以及社会餐饮厨房设备工程，该岗位负责项目的跟踪/设计/接洽工作,5K-10K/月
北京阁润世界成套设备进出口有限公司,南新园西路甲六号阁润世界,商务顾问,全职,1:公司提供目标群体.2:公司提供销售洽谈人员作为后期配合.3:工作的任务是将陌生的目标群体转换出商业机会移交给销售部.4:公司提供高端社交群体.企业环境优雅，对个人气质长成有重要影响力.5:岗位性质具有宽泛的时间沉淀特征.随着时间的加长，工作的成果与日颇丰.,5K-10K/月
北京阁润世界成套设备进出口有限公司,南新园西路甲六号阁润世界,商务顾问,全职,1:公司提供目标群体.2:公司提供销售洽谈人员作为后期配合.3:工作的任务是将陌生的目标群体转换出商业机会移交给销售部.4:公司提供高端社交群体.企业环境优雅，对个人气质长成有重要影响力.5:岗位性质具有宽泛的时间沉淀特征.随着时间的加长，工作的成果与日颇丰.,5K-10K/月
北京金都通用航空有限公司,河北省石家庄市裕华区西美五洲大厦,北京金都通用航空飞行员,全职,驾驶飞机,30K-40K/月
敏华家具制造（惠州）有限公司,大亚湾西区龙山一路66号,采购专员,全职,采购专员 1名 工作地点：惠州 岗位要求：本科、物流，财会，信息，木材，皮革，化学，机械专业优先，具备较强的理解，沟通，问题分析、解决和商务谈判能力，办公自动化熟练，形象佳。工作职责：负责公司招投标管理，合同管理，物控采购，供应商管理，品质赔款等事宜。,4K-8K/月
敏华家具制造（惠州）有限公司,大亚湾西区龙山一路66号,行政专员,全职,行政专员 2名 工作地点：惠州 岗位要求：本科、行政管理/人力资源类专业优先，具备较强的理解，沟通，表达，问题分析和解决能力，办公自动化熟练。工作职责：负责电商部日常事务处理，面试接待，入职安排，活动筹划，团队建设，绩效考核等日常事宜。,4K-8K/月
敏华家具制造（惠州）有限公司,大亚湾西区龙山一路66号,高管助理,全职,高管助理 1名 工作地点：惠州 岗位要求：本科、管理类专业优先，性格稳重，思维清晰，办公自动化熟练，综合素养高。工作职责：负责公司内外部事宜对接，各类决策事宜的跟进、执行、反馈、协助负责人高效完成工作。,4K-8K/月
敏华家具制造（惠州）有限公司,大亚湾西区龙山一路66号,设备维护,全职,设备维护 2名 工作地点：惠州 岗位要求：本科、机械设计/自动化/机电一体专业，男性，具备较强的理论知识和动手能力，熟悉一般机械原理及PLC界面控制系统。工作职责：负责集团旗下总厂、分厂的设备管理、维修、维护、保养及安全监察等工作。,4K-8K/月
敏华家具制造（惠州）有限公司,大亚湾西区龙山一路66号,工业工程,全职,工业工程 2名 工作地点：惠州 岗位要求：本科、机械设计/自动化/工业工程专业，男性，具备较强的现场规划、管理、工艺改善，自动化控制能力。工作职责：负责集团旗下总厂、分厂的订单审核，生产计划，现场，人员、设备、安全管理及相关协调、统筹工作。,4K-8K/月
敏华家具制造（惠州）有限公司,大亚湾西区龙山一路66号,储备厂长,全职,生产管理 30名 工作地点：惠州 岗位要求：本科、专业不限，男性，具备较强的自我管理，现场规划，现场管理能力，能吃苦耐劳，有志于在生产管理方面长远发展。工作职责：负责集团旗下总厂、分厂的订单审核，生产计划，现场，人员、设备、安全管理及相关协调、统筹工作。,4K-8K/月
敏华家具制造（惠州）有限公司,大亚湾西区龙山一路66号,电商售后,全职,电商售后 20名 工作地点：惠州岗位要求：本科、专业不限，有较强的沟通，问题分析、解决问能力，具备服务意识。工作职责：负责电商平台产品发货，退、换货，物流，运输，售后，保养等方面的问题处理。,4K-8K/月
敏华家具制造（惠州）有限公司,大亚湾西区龙山一路66号,电商导购,全职,电商售前 50名 工作地点：惠州岗位要求：本科、专业不限，有较强的沟通，客户分析，问题分析和引导解决问题能力。工作职责：负责电商平台产品，客户在线疑问解答、下单、付款及二次销售的跟进与开发。,4K-8K/月
敏华家具制造（惠州）有限公司,大亚湾西区龙山一路66号,产品文案,全职,产品文案 5名 工作地点：惠州岗位要求：本科、汉语言，新闻类优先，有较强的文字功底，善于分析，提炼、总结，具备良好的文字组织功底，熟悉网络语言，男女不限。工作职责：负责产品分析、卖点提炼、产品包装文案、网站、详情页文案撰写等,4K-7K/月
敏华家具制造（惠州）有限公司,大亚湾西区龙山一路66号,电商策划,全职,电商策划 5名 工作地点：惠州岗位要求：本科、新闻/语言/市营类专业优先，具备较强的文字功底和活动策划能力。工作职责：负责电商平台活动主题、方案策划、平台对接，活动报名，活动过程管控等,4K-8K/月
敏华家具制造（惠州）有限公司,大亚湾西区龙山一路66号,电子工程,全职,电子工程 4名 工作地点：惠州 岗位要求：本科/硕士、电子工程、电机与电器专业，具备电路设计、创新设计能力，有家电、电机方面学习优先考虑。工作职责：负责电机及相关智能驱动项目新品的电子，电路部分及控制系统的开发设计。,4K-8K/月
敏华家具制造（惠州）有限公司,大亚湾西区龙山一路66号,软装设计,全职,软装设计 4名 工作地点：惠州岗位要求：本科、环艺/室内/家具/产品/平面/工业设计专业，较强的产品造型设计，渲染和建模能力，熟练操作CAD、PS、3DMAX。工作职责：负责专卖店、展厅空间搭配饰品的原创设计，外部采购选型等工作。,4K-8K/月
敏华家具制造（惠州）有限公司,大亚湾西区龙山一路66号,文案策划,全职,文案策划 5名 工作地点：惠州 岗位要求：本科、汉语言、新闻学、中文类专业，具备较好的文字功底和对外沟通能力。工作职责：负责集团旗下品牌文案撰写，品牌策划，新媒体运营，广告创意，供应商对接等。,4K-8K/月
惠州市艾比森光电有限公司,惠州市惠城区水口镇东江高新区东华南路3号,PE工程师,全职,1、跟进各工序（SMT、后焊、灌胶、装箱、打包等）的生产，及时响应、解决生产异常（效率、质量），实现生产任务按计划达成，并针对异常，提出解决预防措施（产品设计、工艺流程设计、工装治具等），预防问题再次发生。2、制定编写各工序（SMT、后焊、灌胶、装箱、打包等）产品作业指导书（SOP)，并培训作业员，确保产品效率和质量等目标的实现。3、持续优化提升产品生产各工序工艺方案，以实现更高的产出效率和更好更稳定的质量。,6K-10K/月
惠州市艾比森光电有限公司,惠州市惠城区水口镇东江高新区东华南路3号,PE工程师,全职,1、跟进各工序（SMT、后焊、灌胶、装箱、打包等）的生产，及时响应、解决生产异常（效率、质量），实现生产任务按计划达成，并针对异常，提出解决预防措施（产品设计、工艺流程设计、工装治具等），预防问题再次发生。2、制定编写各工序（SMT、后焊、灌胶、装箱、打包等）产品作业指导书（SOP)，并培训作业员，确保产品效率和质量等目标的实现。3、持续优化提升产品生产各工序工艺方案，以实现更高的产出效率和更好更稳定的质量。,6K-10K/月
惠州市艾比森光电有限公司,惠州市惠城区水口镇东江高新区东华南路3号,自动化工程师,全职,1、负责现有生产自动化设备的改良及二次开发：2、负责新自动化生产设备的引进；3、负责编写程序，并优化自动化设备控制程序，负责编写操作维护指导书，完成设备维护保养，持续拓展设备使用柔性和产出效率，以及质量保障力。,6K-10K/月
惠州市艾比森光电有限公司,惠州市惠城区水口镇东江高新区东华南路3号,SMT设备工程师,全职,1、跟进SMT生产线体确保线体的正常运行，降低设备的机故率、抛料率。2、配合生产完成产品转单任务，并对线上人员进行设备操作培训。3、对SMT设备进行定期维护保养，提高设备正常稼动时间。4、对SMT设备进行程式编辑，并进行程式管理。5、对故障设备的及时维修并根据故障现象制定预防对策。6、编写各类SMT设备的管理及执行文件，提供标准化管理文件。,6K-10K/月
惠州市艾比森光电有限公司,惠州市惠城区水口镇东江高新区东华南路3号,订单处理专员,全职,1、销售预测分析：CRM销售预测跟进并制定需求计划；2、订单评审：依据产品生产周期、物料周期等对销售提交的订单信息进行交期评审；3、库存管理：控制库存总量、对呆滞物料进行有效挪用消化；4、流程优化：不断开发新模式，持续优化产品交付流程；5、数据原理分析：通过对销售、生产、库存的数据分析，总结规律与模式，改善及提升；6、系统维护：运用SAP系统，并主导系统SD模块不断完善。,6K-9K/月
惠州市艾比森光电有限公司,惠州市惠城区水口镇东江高新区东华南路3号,PC专员,全职,1、产能评估：评估生产资源，制定月、周、日生产计划 ；                  2、计划跟进：跟踪生产计划执行状况，确保生产按既定计划执行 ，按质按量完成入库 ；          3、异常处理：协调处理生产异常，并跟进处理进度，确保生产顺畅 ；               4、库存管理：控制库存总量与呆滞料消耗；5、生产管理分析：依据生产过程数据，分析过程管控，拟制持续提升方案；6、系统维护：运用SAP系统，并主导系统PP模块不断完善。,6K-9K/月
惠州市艾比森光电有限公司,惠州市惠城区水口镇东江高新区东华南路3号,电子工程师,全职,1、原理图纸设计与PCB图纸设计2、新产品设计验证测试3、新物料测试与承认（电子物料））4、负责产品BOM的编制、输出、维护(电子部分）,8K-10K/月
惠州市艾比森光电有限公司,惠州市惠城区水口镇东江高新区东华南路3号,结构工程师,全职,1、依据设计需求，进行结构设计（套件、箱体及安装结构），3D堆叠出图，保证结构设计的完整性和可靠性2、样机、试产过程中的结构问题异常分析及技术修订，保证顺利量产3、负责样机开模、制作申请，零件承认，协助完成新产品样机评估测试4、新产品开发各节点评审并提交评审报告5、负责提交受控发行的新产品技术资料（图纸，BOM等）。,8K-10K/月
东莞市若美电子科技有限公司,广东省东莞市企石镇科技工业园,维修工程师,全职,1.男，大专以上学历，应届毕业生；2. 负责维修办公楼、厂区及宿舍水电维修；3.职业定位清晰，吃苦耐劳；,3K-5K/月
杭州小凡教育科技有限公司,杭州市富阳区银湖街道富闲路9号银湖创新中心,高中数学教师岗位,全职,岗位职责：1、协助主讲老师完成授课任务及课后学生服务；2、参与学科组组织的批课、磨课、教研、培训等相关教学工作活动；3、通过智能学习系统录入、整理、分析学生成绩；4、与家长的日常沟通等方式，对孩子的学习效果进行跟踪检测。,8K-12K/月
江西狮临果蔬有限公司,江西省上饶市信州区上东城9-1-5,人力资源,全职,招聘职位1、业务类：联络、金融、财务（会计）、出纳、法务、供应链管理、物流、网络、采购、市场调研、招商专员、销售、规划设计、通讯、品控、运营、新媒体运营、信息分析、数据分析专员、文化、宣传、策划、平面设计、室内设计、广告设计、包装设计、音乐、营养师、摄像师、公关经理、客户经理、客户关系管理、跨国贸易；2、勤务类：行政、助理、出纳、文员、编辑、客服、文秘、人事（人力资源）、培训、会务、文字、接待、文体；3、语言类：日语翻译、英语翻译、俄语翻译、法语翻译、西班牙语翻译、葡萄牙语翻译、泰语翻译、德语翻译、韩语翻译、印地语、朝鲜语翻译、意大利语翻译、荷兰语翻译、瑞典语翻译、越南语翻译、阿拉伯语翻译。4、其它：储备干部、研发、主持人、管培生。,4K-8K/月
深圳市极成光电有限公司,深圳市坪山新区坪山街道沙湖社区锦龙大道南极成工业园,人事专员,全职,1、办理入职/离职相关手续；2、办理社保/住房公积金；3、办理住房登记信息；4、维护考勤，及每月考勤总；5、汇总月工资相关资料；6、办理人员异动；,4K-6K/月
深圳市乐有家控股集团有限公司,深圳市福田区八卦岭工业区八卦岭厂房428栋东侧3楼,营销储备干部,全职,【岗位职责】1、主要负责为客户提供一手/二手房咨询、租赁买卖等相关业务的全程代理服务2、认同公司文化，遵守公司制度，服从公司管理，接受上级工作指导与安排,6.5K-20K/月
深圳市安奈儿股份有限公司,广东省深圳市龙岗区坂田街道天安云谷一期3栋A座16楼,空间设计,全职,详见招聘简章,4.5K-6K/月
深圳市安奈儿股份有限公司,广东省深圳市龙岗区坂田街道天安云谷一期3栋A座16楼,客户服务管理,全职,详见招聘简章,4.5K-6K/月
深圳市安奈儿股份有限公司,广东省深圳市龙岗区坂田街道天安云谷一期3栋A座16楼,生产跟单,全职,详见招聘简章,4.5K-6K/月
深圳市安奈儿股份有限公司,广东省深圳市龙岗区坂田街道天安云谷一期3栋A座16楼,商品管理,全职,1、进销存系统单据处理及货品发放安排；2、负责生产入库跟进及发货通知制作及发布；3、负责所在区域日常发货等相关事宜；4、提供货品基础数据。,4.5K-6K/月
深圳市安奈儿股份有限公司,广东省深圳市龙岗区坂田街道天安云谷一期3栋A座16楼,商品管理,全职,1、进销存系统单据处理及货品发放安排；2、负责生产入库跟进及发货通知制作及发布；3、负责所在区域日常发货等相关事宜；4、提供货品基础数据。,4.5K-6K/月
深圳市德富莱智能科技股份有限公司,深圳市宝安区松岗大道健仓科技园智造2号楼,电子研发类,全职,电子研发,3.5K-8K/月
深圳市德富莱智能科技股份有限公司,深圳市宝安区松岗大道健仓科技园智造2号楼,电气研发类,全职,电气研发,3.5K-8K/月
深圳市德富莱智能科技股份有限公司,深圳市宝安区松岗大道健仓科技园智造2号楼,软件开发类,全职,软件开发,3.5K-8K/月
深圳市德富莱智能科技股份有限公司,深圳市宝安区松岗大道健仓科技园智造2号楼,机械设计类,全职,机械设计,3.5K-8K/月
东莞证券股份有限公司北京西城太平街证券营业部,太平街8号朱雀门30号,理财顾问,全职,理财顾问：岗位职责：1、负责拓展客户，客户服务及客户维护工作，接待客户投资咨询；2、按公司要求完成公司下达的业务指标；3、协助市场拓展岗拓展营销渠道；4、协助大客户经理岗做好客户服务。任职要求：1. 具有专科以上学历，有客户基础或较强销售能力的可适当放宽学历和年龄条件；2. 具备开拓和客户服务能力；3. 善于沟通和交际，具较强的团队协作能力、客户开发能力；4. 熟悉业务，具有战略思维，勤奋敬业，坚韧、富有激情，有强烈的责任心；5. 具有证券从业资格，具有金融业客户服务、营销拓展管理经验者优先录用。,6K-12K/月
承德东归企业管理集团有限公司,河北省承德电子商务产业园A03―4号楼808,董事长助理,全职,1、负责董事长的日程安排，为董事长接见访客做好预约及接待工作；2、根据董事长需要进行邮件、公文、报表等相关文件草拟、撰写和整理；3、陪同董事长进行对外商务活动和商务洽谈；做好对外公共关系的协调，协助安排外出行程、资料，协助处理相关工作；4、在董事长的指示下做好公司各部门的沟通协调工作等。,6K-15K/月
聚英教育（广州）有限责任公司,天河北路908号高科大厦B座22层,中西医综合教师,全职,工作职责：1.考研中西医综合或执业医师任何一门单科课程讲解。,8K-15K/月
图奕科技（深圳）有限公司,深圳市福田区华强北街道通新岭社区深南中路1002号新闻大厦1号楼307,会计,全职,岗位职责：1、负责日常凭证的编制工作2、每月对所管账目进行及时核对，保证科目余额清晰合理3、负责国地税的纳税申报，税务、统计等外勤工作4、负责费用报销票据的审核，保证报销手续及票据的合法及准确性5、及时对会计凭证、账册、报表等进行收集、装订、汇编、归档等会计档案管理工作6、配合完成领导安排的其他临时性工作,4K-8K/月
连云港佑源医药设备制造有限公司,连云港市经济技术开发区大浦工业区临浦路20号,机械工程师,全职,1、负责设备的检验、安装、调试、维修；2、负责配合销售部门提供及时有效的技术支持及售前、售中、售后服务；3、为公司相关人员及经销商、终端用户提供技术培训；4、根据出库信息、用户报修、销售员和代理商反馈进行售后回访并建立用户档案，执行并完善维修服务标准化作业流程；5、协助相关部门进行市场调查及用户反馈工作；6、完成公司指派的任务和服务目标；岗位要求：1、大专及以上学历，医疗器械维修、机电一体化自动控制等相关专业；2、为人诚实，高度责任心、热爱售后服务岗位；3、具有良好的客户服务意识和学习能力，良好的人际沟通能力和团队精神；,4K-10K/月
桂林洁伶工业有限公司,广西桂林市七星区英才科技园创业三道,市场督查员,全职,【工作职责】（1）负责掌握管辖区域的销售动态及发展趋势；（2）负责检查管辖区域内公司销售策略的执行情况；（3）负责市场检查结果的分析、总结及汇报；（4）根据市场信息提出相关销售策略、方案。,4K-6K/月
桂林洁伶工业有限公司,广西桂林市七星区英才科技园创业三道,品牌企划专员,全职,【工作职责】（1）根据市场需求和变化、市场信息进行品牌策划，完成各类企划文案撰写；（2）根据品牌战规划，完成对品牌形象的监督与管理；（3）根据品牌战规划，参与制定品牌推广策略或产品推广策略；（4）进行市场调研与分析，收集行业及竞品的相关信息，整理上报直属领导；（5）依据品牌方向，梳理品牌关键信息，对品牌关键信息矩阵及视觉识别系统工作进行落地。,4K-6K/月
东莞证券股份有限公司北京西城太平街证券营业部,太平街8号朱雀门30号,理财经理,全职,岗位职责：1、负责拓展客户，客户服务及客户维护工作，接待客户投资咨询；2、按公司要求完成公司下达的业务指标；3、协助市场拓展岗拓展营销渠道；4、协助大客户经理岗做好客户服务。任职要求：1. 具有本科以上学历，有客户基础或较强销售能力的可适当放宽学历和年龄条件；2. 具备开拓和客户服务能力；3. 善于沟通和交际，具较强的团队协作能力、客户开发能力；4. 熟悉业务，具有战略思维，勤奋敬业，坚韧、富有激情，有强烈的责任心；5. 具有证券从业资格，具有金融业客户服务、营销拓展管理经验者优先录用。,8K-15K/月
桂林洁伶工业有限公司,广西桂林市七星区英才科技园创业三道,市场推广专员,全职,【工作职责】（1）负责收集市场及行业动态信息，及时反馈市场动态信息；（2）负责公司品牌推广计划的实施，落实公司品牌推广策略；（3）负责卖场活动的策划和执行，促销员招募、培训及管理；（4）负责完成管辖区域内销售任务指标。,4K-7K/月
桂林洁伶工业有限公司,广西桂林市七星区英才科技园创业三道,销售代表,全职,【工作职责】（1）负责区域内终端卖场产品陈列及效果管理；（2）负责策划、组织并管理终端卖场促销活动；（3）负责管辖区域内终端卖场的销售管理，完成销售目标；（4）负责管辖区域内卖场一线人员的管理工作。,4K-7K/月
广西鑫深科技有限公司,柳州市鱼峰区阳和工业新区阳泰路东9号,工业机器人工艺员,全职,1、负责机器人设备日常保养、维护；2、负责保障机器人正常运转；3、负责解决机器人生产遇到的简单的工艺问题，并进行改善。,3K-5K/月
广西鑫深科技有限公司,柳州市鱼峰区阳和工业新区阳泰路东9号,工业机器人工艺员,全职,1、负责机器人设备日常保养、维护；2、负责保障机器人正常运转；3、负责解决机器人生产遇到的简单的工艺问题，并进行改善。,3K-5K/月
深圳市天一壹科技有限公司,深圳市宝安区亨林大厦808,人事专员,全职,1.主要负责人力资源的招聘、选拔、培训、绩效考核等人事事务；2.新入职员工的培训工作，统筹、监督各部门在岗人员的培训及职业提升；3.负责人力资源部门的表格制作、资料打印、档案整理、文件完善等事物；4.负责前台的接待、接听电话、收发文件、收发传真、办公用品采购等事物；,3.5K-6K/月
深圳市天一壹科技有限公司,深圳市宝安区亨林大厦808,市场专员,全职,1.在制定的区域内，进行新产品的开发及销售工作；2.陌生客户的开发及推广，开发新客户，维护老客户；3.表现优秀者，后期可以带领团队成员开发新的市场及新的产品；,4.5K-6.5K/月
深圳市天一壹科技有限公司,深圳市宝安区亨林大厦808,管理实习生,全职,1.经过6个月的轮岗学习【内勤+外勤】，逐步适应公司企业文化；2.熟悉各部门的工作流程，协助各部门主管做好公司日常的管理培训工作，为日后独挡一面进行全方面的学习；3.半年后，根据个人自身特长定岗，从个人的特长方向发展；,4K-6K/月
深圳市天一壹科技有限公司,深圳市宝安区亨林大厦808,销售代表,全职,1.在制定的区域内，对产品进行市场推广及销售的工作；2.前期公司会安排优秀主管亲自到市场一对一的培训；3.与客户建立长期的合作、共赢关系，维护公司形象；,4.5K-6.5K/月
深圳市天一壹科技有限公司,深圳市宝安区亨林大厦808,储备干部,全职,1. 经过1年的实战轮岗培训【市场销售+团队运营管理+人力资源管理+部门运营管理】，逐步掌握各部门的工作流程，充分认识到作为管理者的责任；2.配合各部门主管做好公司日常的管理培训工作，为日后独单一面进行全方面的学习；3.主要负责团队成员的管理、培训、组织、协调等事物;4.各岗位要求达到公司考核标准后，可以申请去总部考核，考核通过后，可以带领团队成员开拓华南市场；,5K-8K/月
南宁智立方教育科技有限公司,南宁民族大道168号翡翠园东升阁一单元1101,语文数学英语教师,全职,1.负责授课、学科研究与教学研究.以及试卷出题、批改工作。2．针对学生情况，对其进行个性化的课程讲授。3．在授课期间因时制宜分阶段组织测验活动，以检验学生接受辅导的成效。4．平时与本学科组内教师进行教研交流，教学研究，集中备课。5.负责课后督导工作。,3K-8K/月
南宁智立方教育科技有限公司,南宁民族大道168号翡翠园东升阁一单元1101,中小学语文数学英语老师,全职,1.负责授课、学科研究与教学研究.以及试卷出题、批改工作。2．针对学生情况，对其进行个性化的课程讲授。3．在授课期间因时制宜分阶段组织测验活动，以检验学生接受辅导的成效。4．平时与本学科组内教师进行教研交流，教学研究，集中备课。5.负责课后督导工作。,3K-8K/月
南宁智立方教育科技有限公司,南宁民族大道168号翡翠园东升阁一单元1101,中小学语文数学英语教师,全职,岗位职责：1.负责授课、学科研究与教学研究.以及试卷出题、批改工作。2．针对学生情况，对其进行个性化的课程讲授。3．在授课期间因时制宜分阶段组织测验活动，以检验学生接受辅导的成效。4．平时与本学科组内教师进行教研交流，教学研究，集中备课。5.负责课后督导工作。,3K-8K/月
柳州市翰林教育培训学校,柳州市弯塘路26号,教务管理,全职,1.负责每日学校来访或者电话咨询及登记工作。2.负责在校学生的考勤及课程协调等工作。3.与家长进行沟通反馈。4.做好学员的服务工作。5.负责本校区的招生宣传工作。,2.8K-6K/月
柳州市翰林教育培训学校,柳州市弯塘路26号,小学数学老师,全职,1、负责数学组的教学教研工作。2、根据安排进行授课、答疑，做好相关教学及反馈工作。3、根据学生的情况制定适合学生的教学计划和辅导方案，培养学生良好的学习习惯与高效的学习方法。,2.8K-6K/月
柳州市翰林教育培训学校,柳州市弯塘路26号,小学语文老师,全职,1、负责语文组的教学教研工作。2、根据安排进行授课、答疑，做好相关教学及反馈工作。3、根据学生的情况制定适合学生的教学计划和辅导方案，培养学生良好的学习习惯与高效的学习方法。,2.8K-6K/月
江西狮临果蔬有限公司,江西省上饶市信州区上东城9-1-5,音乐,全职,招聘职位1、业务类：联络、金融、财务（会计）、出纳、法务、供应链管理、物流、网络、采购、市场调研、招商专员、销售、规划设计、通讯、品控、运营、新媒体运营、信息分析、数据分析专员、文化、宣传、策划、平面设计、室内设计、广告设计、包装设计、音乐、营养师、摄像师、公关经理、客户经理、客户关系管理、跨国贸易；2、勤务类：行政、助理、出纳、文员、编辑、客服、文秘、人事、培训、会务、文字、接待、文体；3、语言类：日语翻译、英语翻译、俄语翻译、法语翻译、西班牙语翻译、葡萄牙语翻译、泰语翻译、德语翻译、韩语翻译、印地语、朝鲜语翻译、意大利语翻译、荷兰语翻译、瑞典语翻译、越南语翻译、阿拉伯语翻译。4、其它：储备干部、研发、主持人。,4K-8K/月
广州城外建筑设计有限公司,广州市番禺北环路11号星坊60创意文化产业园A09,助理建筑师,全职,助理建筑师（3-5名）工作职责：1、协助主创建筑师完成项目调研、资料收集、图纸及模型制作、项目汇报等设计工作；2、协助主创建筑师完成概念设计、方案设计及深化设计工作；,4.5K-7.5K/月
广州城外建筑设计有限公司,广州市番禺北环路11号星坊60创意文化产业园A09,建筑实习生,全职,建筑实习生（长期有效）任职要求：1.建筑学及相关专业的大三以上在校本科生或研究生，具有良好的专业理论基础，优秀的方案设计能力；2.熟练应用AutoCAD、SketchUp、Photoshop，熟悉应用Adobe Suite (Illustrator， InDesign)、Rhino、Revit等设计相关软件或擅长手工模型制作者更佳；3.能主动思考和沟通，有强烈的学习欲望；4.实习时间须3个月以上；注明：本职位长期招聘，实习生月补贴为2000-2500元，且提供餐费补贴、交通报销及住宿，能力优秀的实习生可享受正式员工薪资福利。,2K-2.5K/月
深圳市百千成电子有限公司,深圳市光明新区公明街道长圳社区沙头巷工业区3B号,QE工程师助理（大专）,全职,岗位职责：1.处理产品生产过程中所出现的质量问题；3.处理品质异常及客户品质服务；4.负责电子车间SMT，DIP、测试、组装、等各工位的工艺标准制定。2.负责跟进客户反馈的品质异常与及时有效的处理。3.跟进新产品试产项目各个环节的制程品质与数据收集、整理、分析、改善对策的输出、新物料的试产验证评估，跟据客户要求制定下一部到量产阶段的品质控制重点与标准制定。5.客户资料BOM、图纸、规格书的评定与输出各部门，PPT反馈内部工艺品质问题与总结。6.生产、品质、研发、仓库等各部门的有效配合。,4K-7K/月
深圳市百千成电子有限公司,深圳市光明新区公明街道长圳社区沙头巷工业区3B号,QE工程师助理（大专）,全职,岗位职责：1.处理产品生产过程中所出现的质量问题；3.处理品质异常及客户品质服务；4.负责电子车间SMT，DIP、测试、组装、等各工位的工艺标准制定。2.负责跟进客户反馈的品质异常与及时有效的处理。3.跟进新产品试产项目各个环节的制程品质与数据收集、整理、分析、改善对策的输出、新物料的试产验证评估，跟据客户要求制定下一部到量产阶段的品质控制重点与标准制定。5.客户资料BOM、图纸、规格书的评定与输出各部门，PPT反馈内部工艺品质问题与总结。6.生产、品质、研发、仓库等各部门的有效配合。,4K-7K/月
深圳市百千成电子有限公司,深圳市光明新区公明街道长圳社区沙头巷工业区3B号,QE工程师助理,全职,岗位职责：1.处理产品生产过程中所出现的质量问题；3.处理品质异常及客户品质服务；4.负责电子车间SMT，DIP、测试、组装、等各工位的工艺标准制定。2.负责跟进客户反馈的品质异常与及时有效的处理。3.跟进新产品试产项目各个环节的制程品质与数据收集、整理、分析、改善对策的输出、新物料的试产验证评估，跟据客户要求制定下一部到量产阶段的品质控制重点与标准制定。5.客户资料BOM、图纸、规格书的评定与输出各部门，PPT反馈内部工艺品质问题与总结。6.生产、品质、研发、仓库等各部门的有效配合。,4.5K-8K/月
诗迈医药咨询（上海）有限公司,商城路738号胜康廖氏大厦,寻访员R/猎头顾问助理AC,全职,1)与猎头顾问合作，参与招聘职位分析以明确搜寻的方向和目标；2)搜寻候选人，并且建立初步潜力候选人名单，整理推荐报告；3)协助猎头顾问进行候选人的面试、背景调查、上岗跟踪等工作；4)人才数据库的日常维护及建设。,4K-6K/月
诗迈医药咨询（上海）有限公司,商城路738号胜康廖氏大厦,猎头顾问,全职,诗迈医药猎头正式成立于2010年，致力于海内外制药、医疗、化工行业资源整合，为客户提供中高端招聘服务，在全国多地及美国设有分子公司，与上市公司、外企、快速成长性企业建立了长期合作关系。具体可至官网www.zgsmile.com了解详情。职位要求：猎头顾问助理AC岗位职责：1)与猎头顾问合作，参与招聘职位分析以明确搜寻的方向和目标；2)搜寻候选人，并且建立初步潜力候选人名单，整理推荐报告；3)协助猎头顾问进行候选人的面试、背景调查、上岗跟踪等工作；4)人才数据库的日常维护及建设。任职要求：1.大专及以上学历；优秀应届生或1年以上工作经验，具有猎头或招聘从业经验者优先；2.具有优秀的语言表达能力与沟通技巧，医药、医疗、销售等经历者优先；3. 具有快速、持续的学习能力，并具有一定的灵活应变性；4.具有良好的团队合作意识，勤奋，工作积极主动；具有独立的分析判断能力. 医药猎头顾问C岗位职责：1.通过电话、CC、List等方式联系候选人，索取简历并进行职位意向沟通；2. 理解、分析客户需求和职位要求，制订寻访方案；3. 面试、筛选、评估候选人并完成推荐报告的整理工作；4.沟通协调候选人与客户之间的面试安排；5. 保持与客户及候选人的良好沟通，跟进候选人面试的进展和反馈；6. 完成自己及下属顾问助理的KPI考核；7.配合BD开发新客户；任职要求：1. 大专以上学历；1年以上猎头顾问工作经历或者招聘经验，热衷猎头行业；2. 性格积极主动，具有较强的沟通能力和说服技巧；3. 对医药、医疗行业的岗位有较深入的理解，善于进行人才甄选，有很好的洞察力；4. 具备良好的职业道德、良好的心理及身体素质，可承受较强工作压力；5. 英语听说写能力优秀者优先；高级猎头顾问SC / 团队负责人岗位职责：1、制定团队月度、季度、年度业绩回款指标，带领团队完成猎头业务开拓、项目执行和收款等工作，完成回款任务。激励团队成员完成KPI考核及业绩指标。2、与客户和候选人保持良好关系，了解熟悉医药人才市场动态，熟悉猎头业务拓展； 3、与客户充分沟通，分析职位需求，同时为客户提供专业的咨询及引导； 4、通过各种渠道根据客户需求访寻候选人或者指导顾问及助理完成访寻工作； 5、面试和甄选候选人，根据客户的需求和特点，推荐合适的候选人；及时解决面试中的问题； 6、协调录用通知书的签署，完成候选人的详细背景调查及入职后跟踪，并为候选人提供相应的职业发展建议。 任职要求： 1、3年以上猎头工作经验； 2、较强的责任感，善于分析客户及人才的心理，对于岗位的工作职责和任职要求有全面深刻理解； 3、执行力强，沟通协调力强，能够妥善处理团队关系并督促团队工作； 4、能承受工作压力，善于学习，医药人脉资源丰富。我们能给你的是―― 强大的IT团队，给你卓越高效的猎头办公体验；多年来自主开发猎头办公平台、医药之梯人才网www.olinking.com、鳌领招聘SaaS平台以及诗迈官网www.zgsmile.com，打造医药人才生态链； 源于近十年的医药猎头深耕，医药资源丰富，为你提供源源不断的优秀客户及职位，保证让你有做不完的单子；同时我们拥有强大的百万级医药人才储备； 自主开发的培训平台及历时两个月的新人培训课程，让你迅速掌握猎头及医药知识； 积极向上的工作氛围，友好协作的同事； 透明公开的晋升机制：寻访员――顾问助理――猎头顾问――团队负责人（20%以上团队提成）――分公司负责人（30%以上股份分红） 我们希望这样的人加入我们的团队―― 爱学习，有激情，责任心强 热爱招聘工作，想要挑战高薪 很强的执行力和行动力 有志于成为分公司负责人我们帮你实现创业梦想―― 1年后年薪15W以上！ 2年后团队负责人！ 3年后分公司总经理+股权！工作时间：每周一到周五 早上8:30-12：00，下午13:30-18:00 ，中午1个半小时午休时间 薪酬制度：基本工资+绩效奖励+30%-40%高额提成+奖金休假时间：周末双休，国家法定节假日正常休息；婚假、产假等按照国家规定执行贴心福利：五险一金+员工活动+节日福利+年假+入职周年奖励+零食 等等期望有理想，有激情，愿意通过自己努力获得高额回报的朋友加入诗迈医药猎头。加入我们收获的不仅仅是一份工作，还有一个值得终生奋斗的职业及迅速提升的个人能力。工作地点――武汉：武汉市洪山区珞喻路889号光谷国际广场杭州：杭州市西湖区塘苗路18号华星现代产业园上海：上海市陆家嘴浦东商城路738号 胜康廖氏大厦广州：广州市天河区黄浦大道西路33号三新大厦北京：北京市朝阳区光华路8号和乔大厦武汉：武汉市洪山区珞喻路889号光谷国际广场南京：南京市玄武区珠江路华利国际大厦其他：郑州、深圳、苏州等全国重点城市开拓中,4K-6K/月
北京伏牛堂餐饮文化有限公司,北京市海淀区海淀大街31号3层301,管培生,全职,1.协助店经理负责管理餐厅的日常营运，保证餐厅在有序、稳定的状态下运行2.协助店经理负责门店订存管理，值班管理，考勤管理等具体事项执行3.协助负责餐厅员工的培训和及绩效评估、与团队建设4.完成上级领导交办的其他相关工作,4K-6K/月
广州市胜逸房地产代理有限公司,广州市白云区金沙洲悦水二街128号,人事行政助理,全职,1、协助人事主管的招聘工作，及应聘人员的预约、接待及面试等；2、协助办理员工入职、、转正和离职手续办理，内部员工档案的建立与管理；3、负责考勤，微信群和钉钉群的管理工作；4、负责网络使用数据统计和网络使用申请审核；5、实施和组织部门一些日常行政事务，配合上级做好行政人事方面的工作；6、与其他各部门保持良好的沟通，做好信息的上传下达；7、负责公司文具的采购、印刷物品的补充、固定资产的报备与维修工作、月会的工作等；8、领导安排的临时工作。,3K-4.5K/月
南宁智立方教育科技有限公司,南宁民族大道168号翡翠园东升阁一单元1101,中小学英语语文数学教师,全职,岗位职责：1.负责授课、学科研究与教学研究.以及试卷出题、批改工作。2．针对学生情况，对其进行个性化的课程讲授。3．在授课期间因时制宜分阶段组织测验活动，以检验学生接受辅导的成效。4．平时与本学科组内教师进行教研交流，教学研究，集中备课。5.负责课后督导工作。,3K-8K/月
南宁市徐代恒装饰设计有限公司,南宁市青秀区民族大道136-6号南宁华润中心幸福里10号楼1005号房,软装助理,全职,软装方案设计，选材，跟进制作及采购,3000-5000
上海微谱化工技术服务有限公司广州分公司,广州市天河区元岗路600号慧通产业广场A2栋四楼,销售代表（专业不限+精英一对一带教）,全职,1、根据公司市场部提供的客户背景信息、了解客户的问题和需求，并为客户推荐合适的服务项目；2、维护老客户关系，开发潜在市场；3、完成部门制定的销售指标；4、不断的总结知识和技能，提升对行业的认知和研究。,5K-6K/月
佛山市锐毅马达制造有限公司,佛山市北蛘虮蛘蚧屏村委会龙乐路,品质管理QE,全职,主持质量管理的全面工作，并对质量管理的各项工作结果负责2、组织建立质量管理体系，确保质量体系的有效运行3、制定质量目标和质量计划，经批准后组织实施4、制定产品质量检验标准，对公司采购品和产品质量控制负责，对批量责任事故负责5、负责设计与开发活动的质量策划，6、参与新产品开发的先期策划，审查产品设计、工艺的科学性、合理性7、组织实施质量统计，对统计数据的真实性、可靠性负责8、领导、管理、指导、监督、检查、考核直属下属的工作9、有对各类产品质量事故进行调查，分析和提出处理意见权10、对质量问题行使否决权11、定期通报各有关部门质量检查结果，对存在的质量问题制订纠正和预防措施并组织实施12、有权制止不符合工艺规定和要求的生产行为,4.5K-9K/月
叶城县教育局,叶城县育才路行政审批局4楼,中小学幼儿园教师,全职,教育孩子,9K-10K/月
叶城县教育局,叶城县育才路行政审批局4楼,教师,全职,教书育人，为人师表,9K-10K/月
深圳市乐有家控股集团有限公司,深圳市福田区八卦岭工业区八卦岭厂房428栋东侧3楼,管理培训生,全职,岗位职责：主要负责为客户提供一手/二手房咨询、租赁买卖等相关业务的全程代理服务任职要求：能吃苦耐劳，勇于挑战，具有较强的沟通能力,6.5K-13K/月
深圳市乐有家控股集团有限公司,深圳市福田区八卦岭工业区八卦岭厂房428栋东侧3楼,行政专员,全职,3、职能综合管理类：（1）行政管理：负责集团各管理会务统筹安排、检查落实奖惩、子公司行政工作检查与指导；（2）招聘管理：搭建集团招聘体系，推动集团全国人才招募与选拔，负责招聘渠道拓展、人才市场、竞聘、校园招聘等相关工作统筹与开展；（3）管培生有明确往管理方向发展但暂不明确做营销还是职能方向的。一年16薪，具体薪酬面议。校招2018届应届本科生、硕士研究生转正年薪分别为12万/年起，16万/年起（含福利，绩效等，一般高于行业应届毕业生平均薪酬63%以上）。每年至少一次加薪机会（往年加薪幅度平均24%以上）,4.8K-13K/月
深圳市乐有家控股集团有限公司,深圳市福田区八卦岭工业区八卦岭厂房428栋东侧3楼,营销储干,全职,2、营销储干培养方向：店长、营销副总经理工作职责：负责为客户提供房屋买卖、租赁等相关专业置业方案，进行全程代理服务。收入自主制，薪酬按50%-80%的业绩分成核算。入职即可享有保障底薪、真服务绩效奖。入职满1年经纪人2017年平均月薪20669元；入职满1年的店长2017年平均月薪35863元。,6.5K-20K/月
深圳市乐有家控股集团有限公司,深圳市福田区八卦岭工业区八卦岭厂房428栋东侧3楼,高级储干,全职,1、高级储干培养方向：一、集团总部职能中心负责人；二、城市CEO/子公司总经理（乐有家已进驻的全国150城均可选择）；三、营销副总裁/营销总裁。转正年薪16-25万，具体薪酬面议。一年16薪，每年至少一次加薪机会。,6.5K-13K/月
深圳市乐有家控股集团有限公司,深圳市福田区八卦岭工业区八卦岭厂房428栋东侧3楼,高级储干,全职,1、高级储干培养方向：一、集团总部职能中心负责人；二、城市CEO/子公司总经理（乐有家已进驻的全国150城均可选择）；三、营销副总裁/营销总裁。转正年薪16-25万，具体薪酬面议。一年16薪，每年至少一次加薪机会。,6.5K-13K/月
深圳未来思知识产权咨询有限公司,深圳市南山区桃源街道学苑大道1001号南山智园C2栋1809-B,专利分析师,全职,对某领域专利和非专利文献开展全球检索专利分析、专利技术挖掘和专利咨询等项目的实施跟踪和分析特定企业或技术领域的专利信息利用专利等科技文献辅助客户决策针对客户的知识产权问题提供相应的解决方案,6K-10K/月
鸿昌物业管理（深圳）有限公司,广东省深圳市罗湖区鸿昌广场,写字楼水电维修员+包吃住,全职,1、负责给排水设备、设施的操作维修保养工作，确保大厦内24小时正常供水。2、负责大厦内电气设施、设备的操作维修保养工作，确保公共部位灯具完好。3、负责大厦消防设施、设备的检修、保养工作。4、负责大厦公共部位设施的维修保养管理工作。5、 负责入租户二次装修的管理工作。6、 负责处理租户的紧急维修工作。,4K-5K/月
中航狮威国际货运代理有限公司深圳分公司,深圳市福田保税区桃花路8号中天元大厦B栋11楼,空运销售,全职,1、通过网站、客户介绍、朋友介绍的等各种渠道了解国内外的新客户信息及需求，为我司的开发新客户；2、定期与客户通过电话、会面、邮件等方式沟通洽谈，维持良好的关系；3、根据客户订单，安排货物运输操作流程；4、跟踪货物情况，及时与客服、操作沟通；5、及时协调解决货物运输过程中遇到的问题；6、上级交办的其他事项。公司主营业务介绍：1、国际空运2、国际海运3、物流 & 仓储4、国际 & 国内搬家5、国际急件派送 Hand Carry Express Service6、宠物运输7、国际快递 & 小包公司福利：1、5天8小时工作制；2、无责任底薪+高额提成+季度/年度奖金3、国家规定的"五险" "一金"、国家法定节假日、各种津贴(节日津贴、高温补贴)、雇主责任险、带薪休假、丰富的公司活动(年度活动、员工生日活动、部门活动)等等。,4K-10K/月
中航狮威国际货运代理有限公司深圳分公司,深圳市福田保税区桃花路8号中天元大厦B栋11楼,海外销售（越南）,全职,1、通过网站、客户介绍、朋友介绍的等各种渠道了解越南华人的新客户信息及需求，为我司的开发华人新客户 ；2、定期与客户通过电话、会面、邮件等方式沟通洽谈，维持良好的关系 ；3、根据客户订单，安排货物运输操作流程 ；4、跟踪货物情况，及时与客服、操作沟通 ；5、及时协调解决货物运输过程中遇到的问题 ；6、前往东南亚越南分公司工作，与越南同事一起开发客户7、完成上级交办的其他事项 。公司主营业务介绍：1、国际空运2、国际海运3、物流 & 仓储4、国际 & 国内搬家5、国际急件派送 Hand Carry Express Service6、宠物运输7、国际快递 & 小包薪资结构：无责任底薪6000+20%-30%业绩提成+新客户奖+季度奖+年终奖+年度优秀业绩奖  每年免费提供2次往返机票中航狮威，集团总部位于香港，集团分公司58家，遍布世界五大洲员工活动：年度旅游、员工拓展、员工生日会、年会、圣诞Party、部门活动员工福利：五险一金，带薪年假、婚假、产假、陪产假等，积分入深户，节日津贴工作时间：五天八小时，朝九晚六，双休，法定假日放假时间与国家步伐一致,6K-10K/月
北京中交桥宇科技有限公司,北京市朝阳区望京西园二区博泰大厦6层,桥梁监控技术岗,全职,桥梁施工监控、健康监测，科研。,5K-10K/月
北京中交桥宇科技有限公司,北京市朝阳区望京西园二区博泰大厦6层,隧道检测技术岗,全职,1、城市轨道监测、自动化监测、地铁下穿或上跨既有建筑物风险评估；隧道施工监控；物探；2、隧道定期检查、隧道加固设计、施工监测。,5K-10K/月
北京中交桥宇科技有限公司,北京市朝阳区望京西园二区博泰大厦6层,桥梁检测技术岗,全职,1、既有、新建桥梁外观检测、无损检测、静动载试验及承载能力检算；2、涉路工程（穿越类业务）检测及监测；3、栏杆推力、单梁试验等其他工作。,5K-10K/月
鸿昌物业管理（深圳）有限公司,广东省深圳市罗湖区鸿昌广场,办公室文员+双休+包住,全职,1、负责公司各类证照办理及年审工作；2、公司内刊文章征收、筛选、编辑、分发、存档；3、跟进员工工作服的信息收集及统一签订、分发；4、公司（年会、团队比赛）等各类活动策划、组织和主持；5、上级领导临时性安排的工作。,4K-5K/月
鸿昌物业管理（深圳）有限公司,广东省深圳市罗湖区鸿昌广场,人力资源部文员+双休,全职,1、负责公司员工考勤管理，检查考勤情况；2、负责处理公司员工考勤数据并记录，进行汇总；3、严格督促、检查各部门员工出勤，对违反考勤制度的不良现象，如：迟到、早退、旷工等情况，按公司有关规章制度进行处罚；4、负责办理员工入职、离职、转正、调任、升职等手续；5、负责管理公司员工档案；6、完成部门领导交办的其他工作。,4K-5K/月
鸿昌物业管理（深圳）有限公司,广东省深圳市罗湖区鸿昌广场,写字楼机电员+包食宿,全职,负责写字楼水电维修；大型机械运行、维护；空调维护维修；电梯运行检修。,3.5K-5K/月
杭州路格科技有限公司,杭州经济技术开发区下沙6号大街452号高科技企业孵化园区3幢5层,销售工程师3,全职,一、负责根据年度区域销售目标，收集各类市场信息，开拓各类销售渠道，努力或超额完成个人业绩目标。二、负责维护老客户，做好客户跟进工作。灵活处理客户关系，充分利用公司各种资源为客户提供更多价值，从而提高客户的粘度，争取更多订单和销售量。三、负责开拓新客户、不断拓展业务（包括项目性工作的开展）。（1）通过各种渠道如网络、展会、招投标信息和个人资源，开拓新的客户；（2）定期以不同方式进行跟踪，保持良好关系；（3）对于公司投资的新产品新项目，积极针对不同客户类型进行推广和宣传。四、负责进行产品及市场的调研，提供开发和改进产品的信息和建议。（1）收集市场信息，包括展会、日常与客户同行等交流，提供产品开发的信息和建议；（2）通过各种数据及时了解区域情况及各竞争对手的销售情况，及时掌握市场发展动态，报上级领导决策。五、对电话销售定期整理的销售业务数据进行分析、跟进，深度挖掘潜在客户，提高个人和团队业绩。六、积极参加公司在当地区域市场举行的专业投标会和展销会，并做好后续客户开发和维护工作。七、积极配合公司各部门工作，参加公司组织的各项活动。八、上级安排的其他工作。,6K-20K/月
深圳市德富莱智能科技股份有限公司,深圳市宝安区松岗大道健仓科技园智造2号楼,生产管理类,全职,生产管理,3.5K-8K/月
中航狮威国际货运代理有限公司深圳分公司,深圳市福田保税区桃花路8号中天元大厦B栋11楼,日语物流助理,全职,1、掌握价格动态，处理客户询价，了解客户需求；2、为客户安排货物运输相关事项3、货物运输过程及后期跟进4、部门经理交代的其他事项。,4K-6K/月
深圳市德富莱智能科技股份有限公司,深圳市宝安区松岗大道健仓科技园智造2号楼,供应链管理类,全职,供应链管理,3.5K-8K/月
深圳市德富莱智能科技股份有限公司,深圳市宝安区松岗大道健仓科技园智造2号楼,品质管理类,全职,品质管理,3.5K-8K/月
深圳市德富莱智能科技股份有限公司,深圳市宝安区松岗大道健仓科技园智造2号楼,品质管理类,全职,品质管理,3.5K-8K/月
深圳市德富莱智能科技股份有限公司,深圳市宝安区松岗大道健仓科技园智造2号楼,人力资源类,全职,人力资源管理,3.5K-8K/月
深圳市德富莱智能科技股份有限公司,深圳市宝安区松岗大道健仓科技园智造2号楼,财务管理类,全职,财务管理,3.5K-8K/月
深圳市德富莱智能科技股份有限公司,深圳市宝安区松岗大道健仓科技园智造2号楼,售后服务类,全职,售后服务,3.5K-8K/月
深圳市德富莱智能科技股份有限公司,深圳市宝安区松岗大道健仓科技园智造2号楼,法务管理类,全职,法务管理,3.5K-8K/月
深圳市德富莱智能科技股份有限公司,深圳市宝安区松岗大道健仓科技园智造2号楼,市场营销类,全职,市场营销,3.5K-8K/月
深圳市德富莱智能科技股份有限公司,深圳市宝安区松岗大道健仓科技园智造2号楼,商务管理类,全职,商务管理,3.5K-8K/月
深圳市德富莱智能科技股份有限公司,深圳市宝安区松岗大道健仓科技园智造2号楼,项目管理类,全职,项目管理,3.5K-8K/月
永艺家具股份有限公司,浙江省安吉县永艺西路1号,销售业务员,全职,岗位要求：1、市场营销、工商管理相关专业；2、学习能力强；3、沟通能力佳；4、较强的逻辑思考能力；5、良好的团队协作能力；6、较强的创新性思维；7、心态阳光、积极、健康向上；8、有院、校级获奖或学生会工作经历优先。薪资待遇：转正4000-6000元/月+提成奖金；年收入10万-15万；福利待遇：1、免费标准间住宿（网络、空调、独立卫浴）；2、入职、面试、实习差旅费报销，春节探亲车票；3、大学生培养及调薪方案（专项培养，调薪灵活性大）；4、工龄奖、旅游、互助基金、节日慰问金/礼品、员工体检简历投递：邮箱：hr@uechairs.com(姓名+学校+专业+学历)电话：0572-5119881,4K-10K/月
上海孚厘金融信息服务有限公司,上海市徐汇区宜山路700号B2-303,营销储备生,全职,岗位职责：1、拓展客户资源，建立和维护目标客户群的业务关系；2、维护客户关系，不断深入挖掘客户价值，防止客户流失；3、严格执行业务流程和管理办法，控制操作风险，保证业务运作符合监管政策、法规；4、开展客户资信调查及资产保全工作。,8K-10K/月
上海海狮资产管理有限公司,广东省佛山市顺德区天虹路46号信保广场南塔808,量化投资软件开发工程师,全职,参与量化交易平台开发与维护，配合投资经理进行交易策略实现；,4K-7K/月
广西江华置业投资有限公司,广西南宁市青秀区青林路莱茵湖畔C组2025号商铺,客服代表,全职,1. 负责运营的陪同签约；2. 根据买卖双方的情况制定贷款方案，选择贷款银行；3. 负责配合银行完成贷款面签，在贷款审批过程中及时反馈情况，直至贷款审批通过；4. 负责网签及过户预约；5. 负责联系及协调抵押登记手续，跟进及反馈放款进度；6. 负责对门店提出的权证问题进行解答，包括贷款知识（含公积金和商业贷款）、产权知识等；7.完成领导交办的其他工作。,3K-6K/月
广西江华置业投资有限公司,广西南宁市青秀区青林路莱茵湖畔C组2025号商铺,置业顾问,全职,1、主动维护公司声誉，对本楼盘进行宣传。2、热情接待，细致讲解，耐心服务，务必让客户对我们提供的服务表示满意。3、全面熟练地掌握本楼盘的规划、设计、施工、管理情况，了解房地产法律、法规以及相关交易知识，为客户提供满意的咨询。4、制定个人销售方案、计划，严格按照公司的销售价格及交房标准进行销售。5、挖掘潜在的客户。6、进行市场调查，并对收集的情报进行研究。7、注意相关资料、客户档案及销售情况的保密。8、及时向销售部负责人反映客户信息，以便公司适时改变销售策略。9、每天记录电话咨询及客户接待情况。10、协助解决客户售后服务工作。11、做好对客户的追踪和联系。12、每天做销售小结，每月做工作总结。13、维护售楼现场的设施的完好及清洁。,8K-20K/月
广西江华置业投资有限公司,广西南宁市青秀区青林路莱茵湖畔C组2025号商铺,渠道专员,全职,1.根据营销计划，完成公司所有楼盘销售指标；2.搜集新客户的资料并进行沟通，开发新客户；3.积极开拓市场，做好客户资料的收集与整理；4.通过拜访及电话拜访客户，建立与维护客户关系，增加售楼处来人；5.维护老客户的业务，挖掘客户的最大潜力；6.完成上级领导规定的销售任务和其它事宜。,8K-20K/月
广西江华置业投资有限公司,广西南宁市青秀区青林路莱茵湖畔C组2025号商铺,房产经纪人,全职,1.负责房源开发、积累及线上渠道的客源维护，并与业主简历良好的业务协作关系，2.负责客户接待、咨询工作，为客户提供专业的职业咨询服务，通过优质的看房体验；3.通过需要匹配，商务谈判，协助房客双方合同签署、交易达成；4.为客户提供交易后期的服务，并进行客户定期维护。,8K-20K/月
江西狮临果蔬有限公司,江西省上饶市信州区上东城9-1-5,出纳,全职,招聘职位1、业务类：联络、金融、财务（会计）、出纳、法务、供应链管理、物流、网络、采购、市场调研、招商专员、销售、规划设计、通讯、品控、运营、新媒体运营、信息分析、数据分析专员、文化、宣传、策划、平面设计、室内设计、广告设计、包装设计、艺术、营养师、摄像师、公关经理、客户经理、客户关系管理、跨国贸易；2、勤务类：行政、助理、出纳、文员、编辑、客服、文秘、人事、培训、会务、文字、接待、文体；3、语言类：日语翻译、英语翻译、俄语翻译、法语翻译、西班牙语翻译、葡萄牙语翻译、泰语翻译、德语翻译、韩语翻译、印地语、朝鲜语翻译、意大利语翻译、荷兰语翻译、瑞典语翻译、越南语翻译、阿拉伯语翻译。4、其它：储备干部、研发、主持人。,4K-8K/月
江西狮临果蔬有限公司,江西省上饶市信州区上东城9-1-5,出纳,全职,招聘职位1、业务类：联络、金融、财务（会计）、出纳、法务、供应链管理、物流、网络、采购、市场调研、招商专员、销售、规划设计、通讯、品控、运营、新媒体运营、信息分析、数据分析专员、文化、宣传、策划、平面设计、室内设计、广告设计、包装设计、艺术、营养师、摄像师、公关经理、客户经理、客户关系管理、跨国贸易；2、勤务类：行政、助理、出纳、文员、编辑、客服、文秘、人事、培训、会务、文字、接待、文体；3、语言类：日语翻译、英语翻译、俄语翻译、法语翻译、西班牙语翻译、葡萄牙语翻译、泰语翻译、德语翻译、韩语翻译、印地语、朝鲜语翻译、意大利语翻译、荷兰语翻译、瑞典语翻译、越南语翻译、阿拉伯语翻译。4、其它：储备干部、研发、主持人。,4K-8K/月
深圳祥利工艺h有限公司,广东省深圳市龙华区观澜街道高尔夫大道观天路51号,销售代表,全职,1、 根据上级安排，做好产品销售及客户维护工作。2、 熟练掌握产品知识、销售技能，为客户提供专业、优质服务。3、 按照月完成销售目标。,3K-15K/月
深圳祥利工艺h有限公司,广东省深圳市龙华区观澜街道高尔夫大道观天路51号,行政助理,全职,1、负责各终端店铺销售业绩、数据的统计；2、协助销售经理处理日常销售部的行政后勤工作。,3.5K-6K/月
深圳祥利工艺h有限公司,广东省深圳市龙华区观澜街道高尔夫大道观天路51号,省博物馆讲解员,全职,1、负责本馆展厅的讲解工作；2、参加重要接待、外事接待的讲解和服务工作；3、根据讲解材料提炼、编写讲解词，要求文字流畅、词汇丰富、知识全面，逐渐形成适合自己的讲解风格；4、做好咨询解答工作，认真解答观众提出的书面或口头问询，虚心听取观众意见；,4K-6K/月
深圳祥利工艺h有限公司,广东省深圳市龙华区观澜街道高尔夫大道观天路51号,储备店长,全职,1、负责连锁店的日常经营，包括财务管理、营销管理、后勤管理、客户管理。2、填写和整理日报表、月报表等经营报表，向总部提供信息支持。3、熟悉店内各个岗位的工作流程，对新员工进行业务配合和指导。4、带领分店团队，按月完成销售目标。,5K-20K/月
深圳文科园林股份有限公司,深圳福田区深南大道1006号国际创新中心A栋35、36层,法务岗（实习生）,全职,1、负责日常合同的审查、制定；2、协助处理投资并购中的法律事件，如资料收集，尽职调查协助等；3、处理其他法律事务：如合同档案的管理、起草、审核公司重要规章制度等日常性事务。,2K-3K/月
深圳市百千成电子有限公司,深圳市光明新区公明街道长圳社区沙头巷工业区3B号,网络工程师助理（专科）,全职,岗位职责：1、公司网络的维护；2、公司办公系统、软件的维护与支持；3、负责内部局域网络维护，处理网络及计算机硬软件故障；4、负责电脑硬件、软件、服务器、路由器等设备的维护管理。5、负责计算机硬件及外设（打印机、传真机）的管理与使用;6、负责系统安全及系统性能优化，Windows平台的日常管理和维护;7、负责公司内部信息系统建设、维护；8、负责服务器的维护、管理等。,4K-6K/月
云南中图空间信息技术有限公司,盘龙区万华路葡萄街区天宇花园B栋云南中图空间,测绘地理信息技术员,全职,1、负责地理信息内业数据采集、数据入库、资料扫描归档等工作；2、从事各种比例尺的普通地图、专题图、地图集/宣传册的编制及地图数据生产；3、无人机航测设备飞行操控及地面站控制、软硬件调试，航线规划；航测数据内业处理;4、网页设计及网站建设、自媒体平台建设及推广。,2K-6K/月
柳州市翰林教育培训学校,柳州市弯塘路26号,教务老师,全职,工作内容：1.负责每日学校来访或者电话咨询及登记工作。2.负责在校学生的考勤及课程协调等工作。3.与家长进行沟通反馈。4.做好学员的服务工作。5.负责本校区的招生宣传工作。,2.8K-6K/月
东莞市正洋铭新材料有限公司,东莞市大朗镇大朗商会大厦1128室,开单文员,全职,1、 面对客户，了解订单信息；2、 根据订单信息，用ERP系统开出【送货单】、【发货单】等单据；3、为业务部提供内勤服务。4、本岗位具有广阔的内部晋升（培养）机会，晋升（培养）路线：开单员---开单组长（或跟单员）---业务主管（客服主管）---业务经理（客服经理）。,3.5K-4.5K/月
东莞市正洋铭新材料有限公司,东莞市大朗镇大朗商会大厦1128室,跟单文员,全职,1、负责维护新老客户，定期电话调查回访。2、整理客户资料档案，跟进客户订单。3、协调处理客户投诉和质量异常。4、其它相关工作。备注：本岗位一经转正录用，有业务提成。岗位晋升路线：客服跟单员---客服主管---客服经理（客服跟单员---业务员---业务主管---业务经理）,3K-6K/月
惠州市海王子首创学习型酒店有限公司,惠东县巽寮镇海王子学习型酒店,总经办文员,全职,1、总经办日常工作协助，包括会议组织和安排，做好会议纪要，以及工作跟进和处理；2、督促以及检查公司各项制度、要求推进落实情况，以及企业文化的落地执行，执行情况及时反馈；3、负责办公室资料的管理及整理；4、协助配合开展商务活动；5、负责统计数据，撰写文书；6、负责领导日常安排的其他事务。,3K-4K/月
惠州市海王子首创学习型酒店有限公司,惠东县巽寮镇海王子学习型酒店,网络运营编辑,全职,1、负责网站信息更新或微博等媒体运营；2、综合整理或原创文章；3、参与团队活动策划和文案包装；4、负责办公室资料的管理及整理；5、负责统计数据；6、负责领导日常安排的其他事务。,3K-4K/月
